studytype,studymodel,designmodel,designmethod,Exact match?,IRI,IRI,IRI
OBSERVATIONAL,COHORT,PATIENT_REGISTRY,RETROSPECTIVE,no,http://purl.obolibrary.org/obo/NCIT_C93228,http://purl.obolibrary.org/obo/NCIT_C129000,NONE
OBSERVATIONAL,COHORT,PATIENT_REGISTRY,PROSPECTIVE,no,http://purl.obolibrary.org/obo/NCIT_C53308,http://purl.obolibrary.org/obo/NCIT_C129000,NONE
OBSERVATIONAL,COHORT,PATIENT_REGISTRY,CROSS_SECTIONAL,no,http://purl.obolibrary.org/obo/NCIT_C15208,http://purl.obolibrary.org/obo/NCIT_C53310,http://purl.obolibrary.org/obo/NCIT_C129000
OBSERVATIONAL,COHORT,PATIENT_REGISTRY,OTHER,no,http://purl.obolibrary.org/obo/NCIT_C15208,http://purl.obolibrary.org/obo/NCIT_C129000,NONE
OBSERVATIONAL,COHORT,PATIENT_REGISTRY,NONE,no,http://purl.obolibrary.org/obo/NCIT_C15208,http://purl.obolibrary.org/obo/NCIT_C129000,NONE
OBSERVATIONAL,COHORT,NOT_REGISTRY,RETROSPECTIVE,yes,http://purl.obolibrary.org/obo/NCIT_C93228,NONE,NONE
OBSERVATIONAL,COHORT,NOT_REGISTRY,PROSPECTIVE,yes,http://purl.obolibrary.org/obo/NCIT_C53308,NONE,NONE
OBSERVATIONAL,COHORT,NOT_REGISTRY,CROSS_SECTIONAL,no,http://purl.obolibrary.org/obo/NCIT_C53310,http://purl.obolibrary.org/obo/NCIT_C15208,NONE
OBSERVATIONAL,COHORT,NOT_REGISTRY,OTHER,yes,http://purl.obolibrary.org/obo/NCIT_C15208,NONE,NONE
OBSERVATIONAL,COHORT,NOT_REGISTRY,NONE,yes,http://purl.obolibrary.org/obo/NCIT_C15208,NONE,NONE
OBSERVATIONAL,COHORT,NONE,RETROSPECTIVE,yes,http://purl.obolibrary.org/obo/NCIT_C93228,NONE,NONE
OBSERVATIONAL,COHORT,NONE,PROSPECTIVE,yes,http://purl.obolibrary.org/obo/NCIT_C53308,NONE,NONE
OBSERVATIONAL,COHORT,NONE,CROSS_SECTIONAL,no,http://purl.obolibrary.org/obo/NCIT_C53310,NONE,NONE
OBSERVATIONAL,COHORT,NONE,OTHER,yes,http://purl.obolibrary.org/obo/NCIT_C15208,NONE,NONE
OBSERVATIONAL,COHORT,NONE,NONE,yes,http://purl.obolibrary.org/obo/NCIT_C15208,NONE,NONE
OBSERVATIONAL,CASE_CONTROL,PATIENT_REGISTRY,RETROSPECTIVE,no,http://purl.obolibrary.org/obo/NCIT_C15197,http://purl.obolibrary.org/obo/NCIT_C129000,http://purl.obolibrary.org/obo/NCIT_C53312
OBSERVATIONAL,CASE_CONTROL,PATIENT_REGISTRY,PROSPECTIVE,no,http://purl.obolibrary.org/obo/NCIT_C15197,http://purl.obolibrary.org/obo/NCIT_C129000,http://purl.obolibrary.org/obo/NCIT_C142646
OBSERVATIONAL,CASE_CONTROL,PATIENT_REGISTRY,CROSS_SECTIONAL,Contradictory,http://purl.obolibrary.org/obo/NCIT_C129000,http://purl.obolibrary.org/obo/NCIT_C129000,NONE
OBSERVATIONAL,CASE_CONTROL,PATIENT_REGISTRY,OTHER,no,http://purl.obolibrary.org/obo/NCIT_C15197,http://purl.obolibrary.org/obo/NCIT_C129000,NONE
OBSERVATIONAL,CASE_CONTROL,PATIENT_REGISTRY,NONE,no,http://purl.obolibrary.org/obo/NCIT_C15197,http://purl.obolibrary.org/obo/NCIT_C129000,NONE
OBSERVATIONAL,CASE_CONTROL,NOT_REGISTRY,RETROSPECTIVE,no,http://purl.obolibrary.org/obo/NCIT_C15197,http://purl.obolibrary.org/obo/NCIT_C53312,NONE
OBSERVATIONAL,CASE_CONTROL,NOT_REGISTRY,PROSPECTIVE,no,http://purl.obolibrary.org/obo/NCIT_C15197,http://purl.obolibrary.org/obo/NCIT_C142646,NONE
OBSERVATIONAL,CASE_CONTROL,NOT_REGISTRY,CROSS_SECTIONAL,Contradictory,http://purl.obolibrary.org/obo/NCIT_C15197,NONE,NONE
OBSERVATIONAL,CASE_CONTROL,NOT_REGISTRY,OTHER,yes,http://purl.obolibrary.org/obo/NCIT_C15197,NONE,NONE
OBSERVATIONAL,CASE_CONTROL,NOT_REGISTRY,NONE,yes,http://purl.obolibrary.org/obo/NCIT_C15197,NONE,NONE
OBSERVATIONAL,CASE_CONTROL,NONE,RETROSPECTIVE,no,http://purl.obolibrary.org/obo/NCIT_C15197,http://purl.obolibrary.org/obo/NCIT_C53312,NONE
OBSERVATIONAL,CASE_CONTROL,NONE,PROSPECTIVE,no,http://purl.obolibrary.org/obo/NCIT_C15197,http://purl.obolibrary.org/obo/NCIT_C142646,NONE
OBSERVATIONAL,CASE_CONTROL,NONE,CROSS_SECTIONAL,Contradictory,http://purl.obolibrary.org/obo/NCIT_C15197,NONE,NONE
OBSERVATIONAL,CASE_CONTROL,NONE,OTHER,yes,http://purl.obolibrary.org/obo/NCIT_C15197,NONE,NONE
OBSERVATIONAL,CASE_CONTROL,NONE,NONE,yes,http://purl.obolibrary.org/obo/NCIT_C15197,NONE,NONE
OBSERVATIONAL,CASE_ONLY,PATIENT_REGISTRY,RETROSPECTIVE,no,http://purl.obolibrary.org/obo/ERO_0000348,http://purl.obolibrary.org/obo/NCIT_C129000,http://purl.obolibrary.org/obo/NCIT_C53312
OBSERVATIONAL,CASE_ONLY,PATIENT_REGISTRY,PROSPECTIVE,no,http://purl.obolibrary.org/obo/ERO_0000348,http://purl.obolibrary.org/obo/NCIT_C129000,http://purl.obolibrary.org/obo/NCIT_C142646
OBSERVATIONAL,CASE_ONLY,PATIENT_REGISTRY,CROSS_SECTIONAL,no,http://purl.obolibrary.org/obo/ERO_0000348,http://purl.obolibrary.org/obo/NCIT_C129000,http://purl.obolibrary.org/obo/NCIT_C53310
OBSERVATIONAL,CASE_ONLY,PATIENT_REGISTRY,OTHER,no,http://purl.obolibrary.org/obo/ERO_0000348,http://purl.obolibrary.org/obo/NCIT_C129000,NONE
OBSERVATIONAL,CASE_ONLY,PATIENT_REGISTRY,NONE,no,http://purl.obolibrary.org/obo/ERO_0000348,http://purl.obolibrary.org/obo/NCIT_C129000,NONE
OBSERVATIONAL,CASE_ONLY,NOT_REGISTRY,RETROSPECTIVE,no,http://purl.obolibrary.org/obo/ERO_0000348,http://purl.obolibrary.org/obo/NCIT_C53312,NONE
OBSERVATIONAL,CASE_ONLY,NOT_REGISTRY,PROSPECTIVE,no,http://purl.obolibrary.org/obo/ERO_0000348,http://purl.obolibrary.org/obo/NCIT_C142646,NONE
OBSERVATIONAL,CASE_ONLY,NOT_REGISTRY,CROSS_SECTIONAL,no,http://purl.obolibrary.org/obo/ERO_0000348,http://purl.obolibrary.org/obo/NCIT_C53310,NONE
OBSERVATIONAL,CASE_ONLY,NOT_REGISTRY,OTHER,yes,http://purl.obolibrary.org/obo/ERO_0000348,NONE,NONE
OBSERVATIONAL,CASE_ONLY,NOT_REGISTRY,NONE,yes,http://purl.obolibrary.org/obo/ERO_0000348,NONE,NONE
OBSERVATIONAL,CASE_ONLY,NONE,RETROSPECTIVE,no,http://purl.obolibrary.org/obo/ERO_0000348,http://purl.obolibrary.org/obo/NCIT_C53312,NONE
OBSERVATIONAL,CASE_ONLY,NONE,PROSPECTIVE,no,http://purl.obolibrary.org/obo/ERO_0000348,http://purl.obolibrary.org/obo/NCIT_C142646,NONE
OBSERVATIONAL,CASE_ONLY,NONE,CROSS_SECTIONAL,no,http://purl.obolibrary.org/obo/ERO_0000348,http://purl.obolibrary.org/obo/NCIT_C53310,NONE
OBSERVATIONAL,CASE_ONLY,NONE,OTHER,yes,http://purl.obolibrary.org/obo/ERO_0000348,NONE,NONE
OBSERVATIONAL,CASE_ONLY,NONE,NONE,yes,http://purl.obolibrary.org/obo/ERO_0000348,NONE,NONE
OBSERVATIONAL,CASE_CROSSOVER,PATIENT_REGISTRY,RETROSPECTIVE,no,http://purl.obolibrary.org/obo/NCIT_C127779,http://purl.obolibrary.org/obo/NCIT_C129000,http://purl.obolibrary.org/obo/NCIT_C53312
OBSERVATIONAL,CASE_CROSSOVER,PATIENT_REGISTRY,PROSPECTIVE,no,http://purl.obolibrary.org/obo/NCIT_C127779,http://purl.obolibrary.org/obo/NCIT_C129000,http://purl.obolibrary.org/obo/NCIT_C142646
OBSERVATIONAL,CASE_CROSSOVER,PATIENT_REGISTRY,CROSS_SECTIONAL,Contradictory,http://purl.obolibrary.org/obo/NCIT_C127779,http://purl.obolibrary.org/obo/NCIT_C129000,NONE
OBSERVATIONAL,CASE_CROSSOVER,PATIENT_REGISTRY,OTHER,no,http://purl.obolibrary.org/obo/NCIT_C127779,http://purl.obolibrary.org/obo/NCIT_C129000,NONE
OBSERVATIONAL,CASE_CROSSOVER,PATIENT_REGISTRY,NONE,no,http://purl.obolibrary.org/obo/NCIT_C127779,http://purl.obolibrary.org/obo/NCIT_C129000,NONE
OBSERVATIONAL,CASE_CROSSOVER,NOT_REGISTRY,RETROSPECTIVE,no,http://purl.obolibrary.org/obo/NCIT_C127779,http://purl.obolibrary.org/obo/NCIT_C53312,NONE
OBSERVATIONAL,CASE_CROSSOVER,NOT_REGISTRY,PROSPECTIVE,no,http://purl.obolibrary.org/obo/NCIT_C127779,http://purl.obolibrary.org/obo/NCIT_C142646,NONE
OBSERVATIONAL,CASE_CROSSOVER,NOT_REGISTRY,CROSS_SECTIONAL,Contradictory,http://purl.obolibrary.org/obo/NCIT_C127779,NONE,NONE
OBSERVATIONAL,CASE_CROSSOVER,NOT_REGISTRY,OTHER,yes,http://purl.obolibrary.org/obo/NCIT_C127779,NONE,NONE
OBSERVATIONAL,CASE_CROSSOVER,NOT_REGISTRY,NONE,yes,http://purl.obolibrary.org/obo/NCIT_C127779,NONE,NONE
OBSERVATIONAL,CASE_CROSSOVER,NONE,RETROSPECTIVE,no,http://purl.obolibrary.org/obo/NCIT_C127779,http://purl.obolibrary.org/obo/NCIT_C53312,NONE
OBSERVATIONAL,CASE_CROSSOVER,NONE,PROSPECTIVE,no,http://purl.obolibrary.org/obo/NCIT_C127779,http://purl.obolibrary.org/obo/NCIT_C142646,NONE
OBSERVATIONAL,CASE_CROSSOVER,NONE,CROSS_SECTIONAL,Contradictory,http://purl.obolibrary.org/obo/NCIT_C127779,NONE,NONE
OBSERVATIONAL,CASE_CROSSOVER,NONE,OTHER,yes,http://purl.obolibrary.org/obo/NCIT_C127779,NONE,NONE
OBSERVATIONAL,CASE_CROSSOVER,NONE,NONE,yes,http://purl.obolibrary.org/obo/NCIT_C127779,NONE,NONE
OBSERVATIONAL,ECOLOGIC_OR_COMMUNITY,PATIENT_REGISTRY,RETROSPECTIVE,no,http://purl.obolibrary.org/obo/NCIT_C127780,http://purl.obolibrary.org/obo/NCIT_C129000,http://purl.obolibrary.org/obo/NCIT_C53312
OBSERVATIONAL,ECOLOGIC_OR_COMMUNITY,PATIENT_REGISTRY,PROSPECTIVE,no,http://purl.obolibrary.org/obo/NCIT_C127780,http://purl.obolibrary.org/obo/NCIT_C129000,http://purl.obolibrary.org/obo/NCIT_C142646
OBSERVATIONAL,ECOLOGIC_OR_COMMUNITY,PATIENT_REGISTRY,CROSS_SECTIONAL,no,http://purl.obolibrary.org/obo/NCIT_C127780,http://purl.obolibrary.org/obo/NCIT_C129000,http://purl.obolibrary.org/obo/NCIT_C53310
OBSERVATIONAL,ECOLOGIC_OR_COMMUNITY,PATIENT_REGISTRY,OTHER,no,http://purl.obolibrary.org/obo/NCIT_C127780,http://purl.obolibrary.org/obo/NCIT_C129000,NONE
OBSERVATIONAL,ECOLOGIC_OR_COMMUNITY,PATIENT_REGISTRY,NONE,no,http://purl.obolibrary.org/obo/NCIT_C127780,http://purl.obolibrary.org/obo/NCIT_C129000,NONE
OBSERVATIONAL,ECOLOGIC_OR_COMMUNITY,NOT_REGISTRY,RETROSPECTIVE,no,http://purl.obolibrary.org/obo/NCIT_C127780,http://purl.obolibrary.org/obo/NCIT_C53312,NONE
OBSERVATIONAL,ECOLOGIC_OR_COMMUNITY,NOT_REGISTRY,PROSPECTIVE,no,http://purl.obolibrary.org/obo/NCIT_C127780,http://purl.obolibrary.org/obo/NCIT_C142646,NONE
OBSERVATIONAL,ECOLOGIC_OR_COMMUNITY,NOT_REGISTRY,CROSS_SECTIONAL,no,http://purl.obolibrary.org/obo/NCIT_C127780,http://purl.obolibrary.org/obo/NCIT_C53310,NONE
OBSERVATIONAL,ECOLOGIC_OR_COMMUNITY,NOT_REGISTRY,OTHER,yes,http://purl.obolibrary.org/obo/NCIT_C127780,NONE,NONE
OBSERVATIONAL,ECOLOGIC_OR_COMMUNITY,NOT_REGISTRY,NONE,yes,http://purl.obolibrary.org/obo/NCIT_C127780,NONE,NONE
OBSERVATIONAL,ECOLOGIC_OR_COMMUNITY,NONE,RETROSPECTIVE,no,http://purl.obolibrary.org/obo/NCIT_C127780,http://purl.obolibrary.org/obo/NCIT_C53312,NONE
OBSERVATIONAL,ECOLOGIC_OR_COMMUNITY,NONE,PROSPECTIVE,no,http://purl.obolibrary.org/obo/NCIT_C127780,http://purl.obolibrary.org/obo/NCIT_C142646,NONE
OBSERVATIONAL,ECOLOGIC_OR_COMMUNITY,NONE,CROSS_SECTIONAL,no,http://purl.obolibrary.org/obo/NCIT_C127780,http://purl.obolibrary.org/obo/NCIT_C53310,NONE
OBSERVATIONAL,ECOLOGIC_OR_COMMUNITY,NONE,OTHER,yes,http://purl.obolibrary.org/obo/NCIT_C127780,NONE,NONE
OBSERVATIONAL,ECOLOGIC_OR_COMMUNITY,NONE,NONE,yes,http://purl.obolibrary.org/obo/NCIT_C127780,NONE,NONE
OBSERVATIONAL,FAMILY_BASED,PATIENT_REGISTRY,RETROSPECTIVE,no,http://purl.obolibrary.org/obo/NCIT_C15407,http://purl.obolibrary.org/obo/NCIT_C129000,http://purl.obolibrary.org/obo/NCIT_C53312
OBSERVATIONAL,FAMILY_BASED,PATIENT_REGISTRY,PROSPECTIVE,no,http://purl.obolibrary.org/obo/NCIT_C15407,http://purl.obolibrary.org/obo/NCIT_C129000,http://purl.obolibrary.org/obo/NCIT_C142646
OBSERVATIONAL,FAMILY_BASED,PATIENT_REGISTRY,CROSS_SECTIONAL,no,http://purl.obolibrary.org/obo/NCIT_C15407,http://purl.obolibrary.org/obo/NCIT_C129000,http://purl.obolibrary.org/obo/NCIT_C53310
OBSERVATIONAL,FAMILY_BASED,PATIENT_REGISTRY,OTHER,no,http://purl.obolibrary.org/obo/NCIT_C15407,http://purl.obolibrary.org/obo/NCIT_C129000,NONE
OBSERVATIONAL,FAMILY_BASED,PATIENT_REGISTRY,NONE,no,http://purl.obolibrary.org/obo/NCIT_C15407,http://purl.obolibrary.org/obo/NCIT_C129000,NONE
OBSERVATIONAL,FAMILY_BASED,NOT_REGISTRY,RETROSPECTIVE,no,http://purl.obolibrary.org/obo/NCIT_C15407,http://purl.obolibrary.org/obo/NCIT_C53312,NONE
OBSERVATIONAL,FAMILY_BASED,NOT_REGISTRY,PROSPECTIVE,no,http://purl.obolibrary.org/obo/NCIT_C15407,http://purl.obolibrary.org/obo/NCIT_C142646,NONE
OBSERVATIONAL,FAMILY_BASED,NOT_REGISTRY,CROSS_SECTIONAL,no,http://purl.obolibrary.org/obo/NCIT_C15407,http://purl.obolibrary.org/obo/NCIT_C53310,NONE
OBSERVATIONAL,FAMILY_BASED,NOT_REGISTRY,OTHER,yes,http://purl.obolibrary.org/obo/NCIT_C15407,NONE,NONE
OBSERVATIONAL,FAMILY_BASED,NOT_REGISTRY,NONE,yes,http://purl.obolibrary.org/obo/NCIT_C15407,NONE,NONE
OBSERVATIONAL,FAMILY_BASED,NONE,RETROSPECTIVE,no,http://purl.obolibrary.org/obo/NCIT_C15407,http://purl.obolibrary.org/obo/NCIT_C53312,NONE
OBSERVATIONAL,FAMILY_BASED,NONE,PROSPECTIVE,no,http://purl.obolibrary.org/obo/NCIT_C15407,http://purl.obolibrary.org/obo/NCIT_C142646,NONE
OBSERVATIONAL,FAMILY_BASED,NONE,CROSS_SECTIONAL,no,http://purl.obolibrary.org/obo/NCIT_C15407,http://purl.obolibrary.org/obo/NCIT_C53310,NONE
OBSERVATIONAL,FAMILY_BASED,NONE,OTHER,yes,http://purl.obolibrary.org/obo/NCIT_C15407,NONE,NONE
OBSERVATIONAL,FAMILY_BASED,NONE,NONE,yes,http://purl.obolibrary.org/obo/NCIT_C15407,NONE,NONE
OBSERVATIONAL,DEFINED_POPULATION,PATIENT_REGISTRY,RETROSPECTIVE,no,http://purl.obolibrary.org/obo/NCIT_C15716,http://purl.obolibrary.org/obo/NCIT_C129000,http://purl.obolibrary.org/obo/NCIT_C53312
OBSERVATIONAL,DEFINED_POPULATION,PATIENT_REGISTRY,PROSPECTIVE,no,http://purl.obolibrary.org/obo/NCIT_C15716,http://purl.obolibrary.org/obo/NCIT_C129000,http://purl.obolibrary.org/obo/NCIT_C142646
OBSERVATIONAL,DEFINED_POPULATION,PATIENT_REGISTRY,CROSS_SECTIONAL,no,http://purl.obolibrary.org/obo/NCIT_C15716,http://purl.obolibrary.org/obo/NCIT_C129000,http://purl.obolibrary.org/obo/NCIT_C53310
OBSERVATIONAL,DEFINED_POPULATION,PATIENT_REGISTRY,OTHER,no,http://purl.obolibrary.org/obo/NCIT_C15716,http://purl.obolibrary.org/obo/NCIT_C129000,NONE
OBSERVATIONAL,DEFINED_POPULATION,PATIENT_REGISTRY,NONE,no,http://purl.obolibrary.org/obo/NCIT_C15716,http://purl.obolibrary.org/obo/NCIT_C129000,NONE
OBSERVATIONAL,DEFINED_POPULATION,NOT_REGISTRY,RETROSPECTIVE,no,http://purl.obolibrary.org/obo/NCIT_C15716,http://purl.obolibrary.org/obo/NCIT_C53312,NONE
OBSERVATIONAL,DEFINED_POPULATION,NOT_REGISTRY,PROSPECTIVE,no,http://purl.obolibrary.org/obo/NCIT_C15716,http://purl.obolibrary.org/obo/NCIT_C142646,NONE
OBSERVATIONAL,DEFINED_POPULATION,NOT_REGISTRY,CROSS_SECTIONAL,no,http://purl.obolibrary.org/obo/NCIT_C15716,http://purl.obolibrary.org/obo/NCIT_C53310,NONE
OBSERVATIONAL,DEFINED_POPULATION,NOT_REGISTRY,OTHER,yes,http://purl.obolibrary.org/obo/NCIT_C15716,NONE,NONE
OBSERVATIONAL,DEFINED_POPULATION,NOT_REGISTRY,NONE,yes,http://purl.obolibrary.org/obo/NCIT_C15716,NONE,NONE
OBSERVATIONAL,DEFINED_POPULATION,NONE,RETROSPECTIVE,no,http://purl.obolibrary.org/obo/NCIT_C15716,http://purl.obolibrary.org/obo/NCIT_C53312,NONE
OBSERVATIONAL,DEFINED_POPULATION,NONE,PROSPECTIVE,no,http://purl.obolibrary.org/obo/NCIT_C15716,http://purl.obolibrary.org/obo/NCIT_C142646,NONE
OBSERVATIONAL,DEFINED_POPULATION,NONE,CROSS_SECTIONAL,no,http://purl.obolibrary.org/obo/NCIT_C15716,http://purl.obolibrary.org/obo/NCIT_C53310,NONE
OBSERVATIONAL,DEFINED_POPULATION,NONE,OTHER,yes,http://purl.obolibrary.org/obo/NCIT_C15716,NONE,NONE
OBSERVATIONAL,DEFINED_POPULATION,NONE,NONE,yes,http://purl.obolibrary.org/obo/NCIT_C15716,NONE,NONE
OBSERVATIONAL,NATURAL_HISTORY,PATIENT_REGISTRY,RETROSPECTIVE,no,http://purl.obolibrary.org/obo/NCIT_C16147,http://purl.obolibrary.org/obo/NCIT_C129000,http://purl.obolibrary.org/obo/NCIT_C53312
OBSERVATIONAL,NATURAL_HISTORY,PATIENT_REGISTRY,PROSPECTIVE,no,http://purl.obolibrary.org/obo/NCIT_C16147,http://purl.obolibrary.org/obo/NCIT_C129000,http://purl.obolibrary.org/obo/NCIT_C142646
OBSERVATIONAL,NATURAL_HISTORY,PATIENT_REGISTRY,CROSS_SECTIONAL,no,http://purl.obolibrary.org/obo/NCIT_C16147,http://purl.obolibrary.org/obo/NCIT_C129000,http://purl.obolibrary.org/obo/NCIT_C53310
OBSERVATIONAL,NATURAL_HISTORY,PATIENT_REGISTRY,OTHER,no,http://purl.obolibrary.org/obo/NCIT_C16147,http://purl.obolibrary.org/obo/NCIT_C129000,NONE
OBSERVATIONAL,NATURAL_HISTORY,PATIENT_REGISTRY,NONE,no,http://purl.obolibrary.org/obo/NCIT_C16147,http://purl.obolibrary.org/obo/NCIT_C129000,NONE
OBSERVATIONAL,NATURAL_HISTORY,NOT_REGISTRY,RETROSPECTIVE,no,http://purl.obolibrary.org/obo/NCIT_C16147,http://purl.obolibrary.org/obo/NCIT_C53312,NONE
OBSERVATIONAL,NATURAL_HISTORY,NOT_REGISTRY,PROSPECTIVE,no,http://purl.obolibrary.org/obo/NCIT_C16147,http://purl.obolibrary.org/obo/NCIT_C142646,NONE
OBSERVATIONAL,NATURAL_HISTORY,NOT_REGISTRY,CROSS_SECTIONAL,no,http://purl.obolibrary.org/obo/NCIT_C16147,http://purl.obolibrary.org/obo/NCIT_C53310,NONE
OBSERVATIONAL,NATURAL_HISTORY,NOT_REGISTRY,OTHER,yes,http://purl.obolibrary.org/obo/NCIT_C16147,NONE,NONE
OBSERVATIONAL,NATURAL_HISTORY,NOT_REGISTRY,NONE,yes,http://purl.obolibrary.org/obo/NCIT_C16147,NONE,NONE
OBSERVATIONAL,NATURAL_HISTORY,NONE,RETROSPECTIVE,no,http://purl.obolibrary.org/obo/NCIT_C16147,http://purl.obolibrary.org/obo/NCIT_C53312,NONE
OBSERVATIONAL,NATURAL_HISTORY,NONE,PROSPECTIVE,no,http://purl.obolibrary.org/obo/NCIT_C16147,http://purl.obolibrary.org/obo/NCIT_C142646,NONE
OBSERVATIONAL,NATURAL_HISTORY,NONE,CROSS_SECTIONAL,no,http://purl.obolibrary.org/obo/NCIT_C16147,http://purl.obolibrary.org/obo/NCIT_C53310,NONE
OBSERVATIONAL,NATURAL_HISTORY,NONE,OTHER,yes,http://purl.obolibrary.org/obo/NCIT_C16147,NONE,NONE
OBSERVATIONAL,NATURAL_HISTORY,NONE,NONE,yes,http://purl.obolibrary.org/obo/NCIT_C16147,NONE,NONE
OBSERVATIONAL,OTHER,PATIENT_REGISTRY,RETROSPECTIVE,no,http://purl.obolibrary.org/obo/NCIT_C16084,http://purl.obolibrary.org/obo/NCIT_C129000,http://purl.obolibrary.org/obo/NCIT_C53312
OBSERVATIONAL,OTHER,PATIENT_REGISTRY,PROSPECTIVE,no,http://purl.obolibrary.org/obo/NCIT_C16084,http://purl.obolibrary.org/obo/NCIT_C129000,http://purl.obolibrary.org/obo/NCIT_C142646
OBSERVATIONAL,OTHER,PATIENT_REGISTRY,CROSS_SECTIONAL,no,http://purl.obolibrary.org/obo/NCIT_C16084,http://purl.obolibrary.org/obo/NCIT_C129000,http://purl.obolibrary.org/obo/NCIT_C53310
OBSERVATIONAL,OTHER,PATIENT_REGISTRY,OTHER,no,http://purl.obolibrary.org/obo/NCIT_C16084,http://purl.obolibrary.org/obo/NCIT_C129000,NONE
OBSERVATIONAL,OTHER,PATIENT_REGISTRY,NONE,no,http://purl.obolibrary.org/obo/NCIT_C16084,http://purl.obolibrary.org/obo/NCIT_C129000,NONE
OBSERVATIONAL,OTHER,NOT_REGISTRY,RETROSPECTIVE,no,http://purl.obolibrary.org/obo/NCIT_C16084,http://purl.obolibrary.org/obo/NCIT_C53312,NONE
OBSERVATIONAL,OTHER,NOT_REGISTRY,PROSPECTIVE,no,http://purl.obolibrary.org/obo/NCIT_C16084,http://purl.obolibrary.org/obo/NCIT_C142646,NONE
OBSERVATIONAL,OTHER,NOT_REGISTRY,CROSS_SECTIONAL,no,http://purl.obolibrary.org/obo/NCIT_C16084,http://purl.obolibrary.org/obo/NCIT_C53310,NONE
OBSERVATIONAL,OTHER,NOT_REGISTRY,OTHER,yes,http://purl.obolibrary.org/obo/NCIT_C16084,NONE,NONE
OBSERVATIONAL,OTHER,NOT_REGISTRY,NONE,yes,http://purl.obolibrary.org/obo/NCIT_C16084,NONE,NONE
OBSERVATIONAL,OTHER,NONE,RETROSPECTIVE,no,http://purl.obolibrary.org/obo/NCIT_C16084,http://purl.obolibrary.org/obo/NCIT_C53312,NONE
OBSERVATIONAL,OTHER,NONE,PROSPECTIVE,no,http://purl.obolibrary.org/obo/NCIT_C16084,http://purl.obolibrary.org/obo/NCIT_C142646,NONE
OBSERVATIONAL,OTHER,NONE,CROSS_SECTIONAL,no,http://purl.obolibrary.org/obo/NCIT_C16084,http://purl.obolibrary.org/obo/NCIT_C53310,NONE
OBSERVATIONAL,OTHER,NONE,OTHER,yes,http://purl.obolibrary.org/obo/NCIT_C16084,NONE,NONE
OBSERVATIONAL,OTHER,NONE,NONE,yes,http://purl.obolibrary.org/obo/NCIT_C16084,NONE,NONE
OBSERVATIONAL,NONE,PATIENT_REGISTRY,RETROSPECTIVE,no,http://purl.obolibrary.org/obo/NCIT_C16084,http://purl.obolibrary.org/obo/NCIT_C129000,http://purl.obolibrary.org/obo/NCIT_C53312
OBSERVATIONAL,NONE,PATIENT_REGISTRY,PROSPECTIVE,no,http://purl.obolibrary.org/obo/NCIT_C16084,http://purl.obolibrary.org/obo/NCIT_C129000,http://purl.obolibrary.org/obo/NCIT_C142646
OBSERVATIONAL,NONE,PATIENT_REGISTRY,CROSS_SECTIONAL,no,http://purl.obolibrary.org/obo/NCIT_C16084,http://purl.obolibrary.org/obo/NCIT_C129000,http://purl.obolibrary.org/obo/NCIT_C53310
OBSERVATIONAL,NONE,PATIENT_REGISTRY,OTHER,no,http://purl.obolibrary.org/obo/NCIT_C16084,http://purl.obolibrary.org/obo/NCIT_C129000,NONE
OBSERVATIONAL,NONE,PATIENT_REGISTRY,NONE,no,http://purl.obolibrary.org/obo/NCIT_C16084,http://purl.obolibrary.org/obo/NCIT_C129000,NONE
OBSERVATIONAL,NONE,NOT_REGISTRY,RETROSPECTIVE,no,http://purl.obolibrary.org/obo/NCIT_C16084,http://purl.obolibrary.org/obo/NCIT_C53312,NONE
OBSERVATIONAL,NONE,NOT_REGISTRY,PROSPECTIVE,no,http://purl.obolibrary.org/obo/NCIT_C16084,http://purl.obolibrary.org/obo/NCIT_C142646,NONE
OBSERVATIONAL,NONE,NOT_REGISTRY,CROSS_SECTIONAL,no,http://purl.obolibrary.org/obo/NCIT_C16084,http://purl.obolibrary.org/obo/NCIT_C53310,NONE
OBSERVATIONAL,NONE,NOT_REGISTRY,OTHER,yes,http://purl.obolibrary.org/obo/NCIT_C16084,NONE,NONE
OBSERVATIONAL,NONE,NOT_REGISTRY,NONE,yes,http://purl.obolibrary.org/obo/NCIT_C16084,NONE,NONE
OBSERVATIONAL,NONE,NONE,RETROSPECTIVE,no,http://purl.obolibrary.org/obo/NCIT_C16084,http://purl.obolibrary.org/obo/NCIT_C53312,
OBSERVATIONAL,NONE,NONE,PROSPECTIVE,no,http://purl.obolibrary.org/obo/NCIT_C16084,http://purl.obolibrary.org/obo/NCIT_C142646,
OBSERVATIONAL,NONE,NONE,CROSS_SECTIONAL,no,http://purl.obolibrary.org/obo/NCIT_C16084,http://purl.obolibrary.org/obo/NCIT_C53310,
OBSERVATIONAL,NONE,NONE,OTHER,yes,http://purl.obolibrary.org/obo/NCIT_C16084,NONE,NONE
OBSERVATIONAL,NONE,NONE,NONE,yes,http://purl.obolibrary.org/obo/NCIT_C16084,NONE,NONE
EXPANDED_ACCESS,NA,NA,NA,yes,http://purl.obolibrary.org/obo/NCIT_C98722,NONE,NONE
INTERVENTIONAL,SINGLE_GROUP,RANDOMIZED,NONE,Contradictory,http://purl.obolibrary.org/obo/NCIT_C82640,NONE,NONE
INTERVENTIONAL,SINGLE_GROUP,RANDOMIZED,SINGLE,Contradictory,http://purl.obolibrary.org/obo/NCIT_C82640,NONE,NONE
INTERVENTIONAL,SINGLE_GROUP,RANDOMIZED,DOUBLE,Contradictory,http://purl.obolibrary.org/obo/NCIT_C82640,NONE,NONE
INTERVENTIONAL,SINGLE_GROUP,RANDOMIZED,TRIPLE,Contradictory,http://purl.obolibrary.org/obo/NCIT_C82640,NONE,NONE
INTERVENTIONAL,SINGLE_GROUP,RANDOMIZED,QUADRUPLE,Contradictory,http://purl.obolibrary.org/obo/NCIT_C82640,NONE,NONE
INTERVENTIONAL,SINGLE_GROUP,NON_RANDOMIZED,NONE,Contradictory,http://purl.obolibrary.org/obo/NCIT_C82640,NONE,NONE
INTERVENTIONAL,SINGLE_GROUP,NON_RANDOMIZED,SINGLE,Contradictory,http://purl.obolibrary.org/obo/NCIT_C82640,NONE,NONE
INTERVENTIONAL,SINGLE_GROUP,NON_RANDOMIZED,DOUBLE,Contradictory,http://purl.obolibrary.org/obo/NCIT_C82640,NONE,NONE
INTERVENTIONAL,SINGLE_GROUP,NON_RANDOMIZED,TRIPLE,Contradictory,http://purl.obolibrary.org/obo/NCIT_C82640,NONE,NONE
INTERVENTIONAL,SINGLE_GROUP,NON_RANDOMIZED,QUADRUPLE,Contradictory,http://purl.obolibrary.org/obo/NCIT_C82640,NONE,NONE
INTERVENTIONAL,SINGLE_GROUP,NA,NONE,yes,http://purl.obolibrary.org/obo/NCIT_C82640,NONE,NONE
INTERVENTIONAL,SINGLE_GROUP,NA,SINGLE,Contradictory,http://purl.obolibrary.org/obo/NCIT_C82640,NONE,NONE
INTERVENTIONAL,SINGLE_GROUP,NA,DOUBLE,Contradictory,http://purl.obolibrary.org/obo/NCIT_C82640,NONE,NONE
INTERVENTIONAL,SINGLE_GROUP,NA,TRIPLE,Contradictory,http://purl.obolibrary.org/obo/NCIT_C82640,NONE,NONE
INTERVENTIONAL,SINGLE_GROUP,NA,QUADRUPLE,Contradictory,http://purl.obolibrary.org/obo/NCIT_C82640,NONE,NONE
INTERVENTIONAL,PARALLEL,RANDOMIZED,NONE,no,http://purl.obolibrary.org/obo/NCIT_C82639,http://purl.obolibrary.org/obo/NCIT_C15417,http://purl.obolibrary.org/obo/NCIT_C49659
INTERVENTIONAL,PARALLEL,RANDOMIZED,SINGLE,no,http://purl.obolibrary.org/obo/NCIT_C82639,http://purl.obolibrary.org/obo/NCIT_C15417,http://purl.obolibrary.org/obo/NCIT_C28233
INTERVENTIONAL,PARALLEL,RANDOMIZED,DOUBLE,no,http://purl.obolibrary.org/obo/NCIT_C82639,http://purl.obolibrary.org/obo/NCIT_C15417,http://purl.obolibrary.org/obo/NCIT_C15228
INTERVENTIONAL,PARALLEL,RANDOMIZED,TRIPLE,no,http://purl.obolibrary.org/obo/NCIT_C82639,http://purl.obolibrary.org/obo/NCIT_C15417,http://purl.obolibrary.org/obo/NCIT_C66959
INTERVENTIONAL,PARALLEL,RANDOMIZED,QUADRUPLE,no,http://purl.obolibrary.org/obo/NCIT_C82639,http://purl.obolibrary.org/obo/NCIT_C15417,http://purl.obolibrary.org/obo/NCIT_C70840
INTERVENTIONAL,PARALLEL,NON_RANDOMIZED,NONE,no,http://purl.obolibrary.org/obo/NCIT_C82639,http://purl.obolibrary.org/obo/NCIT_C93043,http://purl.obolibrary.org/obo/NCIT_C49659
INTERVENTIONAL,PARALLEL,NON_RANDOMIZED,SINGLE,no,http://purl.obolibrary.org/obo/NCIT_C82639,http://purl.obolibrary.org/obo/NCIT_C93043,http://purl.obolibrary.org/obo/NCIT_C28233
INTERVENTIONAL,PARALLEL,NON_RANDOMIZED,DOUBLE,no,http://purl.obolibrary.org/obo/NCIT_C82639,http://purl.obolibrary.org/obo/NCIT_C93043,http://purl.obolibrary.org/obo/NCIT_C15228
INTERVENTIONAL,PARALLEL,NON_RANDOMIZED,TRIPLE,no,http://purl.obolibrary.org/obo/NCIT_C82639,http://purl.obolibrary.org/obo/NCIT_C93043,http://purl.obolibrary.org/obo/NCIT_C66959
INTERVENTIONAL,PARALLEL,NON_RANDOMIZED,QUADRUPLE,no,http://purl.obolibrary.org/obo/NCIT_C82639,http://purl.obolibrary.org/obo/NCIT_C93043,http://purl.obolibrary.org/obo/NCIT_C70840
INTERVENTIONAL,PARALLEL,NA,NONE,yes,http://purl.obolibrary.org/obo/NCIT_C82639,http://purl.obolibrary.org/obo/NCIT_C49659,NONE
INTERVENTIONAL,PARALLEL,NA,SINGLE,no,http://purl.obolibrary.org/obo/NCIT_C82639,http://purl.obolibrary.org/obo/NCIT_C28233,NONE
INTERVENTIONAL,PARALLEL,NA,DOUBLE,no,http://purl.obolibrary.org/obo/NCIT_C82639,http://purl.obolibrary.org/obo/NCIT_C15228,NONE
INTERVENTIONAL,PARALLEL,NA,TRIPLE,no,http://purl.obolibrary.org/obo/NCIT_C82639,http://purl.obolibrary.org/obo/NCIT_C66959,NONE
INTERVENTIONAL,PARALLEL,NA,QUADRUPLE,no,http://purl.obolibrary.org/obo/NCIT_C82639,http://purl.obolibrary.org/obo/NCIT_C70840,NONE
INTERVENTIONAL,CROSSOVER,RANDOMIZED,NONE,no,http://purl.obolibrary.org/obo/NCIT_C82637,http://purl.obolibrary.org/obo/NCIT_C15417,http://purl.obolibrary.org/obo/NCIT_C49659
INTERVENTIONAL,CROSSOVER,RANDOMIZED,SINGLE,no,http://purl.obolibrary.org/obo/NCIT_C82637,http://purl.obolibrary.org/obo/NCIT_C15417,http://purl.obolibrary.org/obo/NCIT_C28233
INTERVENTIONAL,CROSSOVER,RANDOMIZED,DOUBLE,no,http://purl.obolibrary.org/obo/NCIT_C82637,http://purl.obolibrary.org/obo/NCIT_C15417,http://purl.obolibrary.org/obo/NCIT_C15228
INTERVENTIONAL,CROSSOVER,RANDOMIZED,TRIPLE,no,http://purl.obolibrary.org/obo/NCIT_C82637,http://purl.obolibrary.org/obo/NCIT_C15417,http://purl.obolibrary.org/obo/NCIT_C66959
INTERVENTIONAL,CROSSOVER,RANDOMIZED,QUADRUPLE,no,http://purl.obolibrary.org/obo/NCIT_C82637,http://purl.obolibrary.org/obo/NCIT_C15417,http://purl.obolibrary.org/obo/NCIT_C70840
INTERVENTIONAL,CROSSOVER,NON_RANDOMIZED,NONE,no,http://purl.obolibrary.org/obo/NCIT_C82637,http://purl.obolibrary.org/obo/NCIT_C93043,http://purl.obolibrary.org/obo/NCIT_C49659
INTERVENTIONAL,CROSSOVER,NON_RANDOMIZED,SINGLE,no,http://purl.obolibrary.org/obo/NCIT_C82637,http://purl.obolibrary.org/obo/NCIT_C93043,http://purl.obolibrary.org/obo/NCIT_C28233
INTERVENTIONAL,CROSSOVER,NON_RANDOMIZED,DOUBLE,no,http://purl.obolibrary.org/obo/NCIT_C82637,http://purl.obolibrary.org/obo/NCIT_C93043,http://purl.obolibrary.org/obo/NCIT_C15228
INTERVENTIONAL,CROSSOVER,NON_RANDOMIZED,TRIPLE,no,http://purl.obolibrary.org/obo/NCIT_C82637,http://purl.obolibrary.org/obo/NCIT_C93043,http://purl.obolibrary.org/obo/NCIT_C66959
INTERVENTIONAL,CROSSOVER,NON_RANDOMIZED,QUADRUPLE,no,http://purl.obolibrary.org/obo/NCIT_C82637,http://purl.obolibrary.org/obo/NCIT_C93043,http://purl.obolibrary.org/obo/NCIT_C70840
INTERVENTIONAL,CROSSOVER,NA,NONE,no,http://purl.obolibrary.org/obo/NCIT_C82637,http://purl.obolibrary.org/obo/NCIT_C49659,NONE
INTERVENTIONAL,CROSSOVER,NA,SINGLE,no,http://purl.obolibrary.org/obo/NCIT_C82637,http://purl.obolibrary.org/obo/NCIT_C28233,NONE
INTERVENTIONAL,CROSSOVER,NA,DOUBLE,no,http://purl.obolibrary.org/obo/NCIT_C82637,http://purl.obolibrary.org/obo/NCIT_C15228,NONE
INTERVENTIONAL,CROSSOVER,NA,TRIPLE,no,http://purl.obolibrary.org/obo/NCIT_C82637,http://purl.obolibrary.org/obo/NCIT_C66959,NONE
INTERVENTIONAL,CROSSOVER,NA,QUADRUPLE,no,http://purl.obolibrary.org/obo/NCIT_C82637,http://purl.obolibrary.org/obo/NCIT_C70840,NONE
INTERVENTIONAL,FACTORIAL,RANDOMIZED,NONE,no,http://purl.obolibrary.org/obo/NCIT_C82638,http://purl.obolibrary.org/obo/NCIT_C15417,http://purl.obolibrary.org/obo/NCIT_C49659
INTERVENTIONAL,FACTORIAL,RANDOMIZED,SINGLE,no,http://purl.obolibrary.org/obo/NCIT_C82638,http://purl.obolibrary.org/obo/NCIT_C15417,http://purl.obolibrary.org/obo/NCIT_C28233
INTERVENTIONAL,FACTORIAL,RANDOMIZED,DOUBLE,no,http://purl.obolibrary.org/obo/NCIT_C82638,http://purl.obolibrary.org/obo/NCIT_C15417,http://purl.obolibrary.org/obo/NCIT_C15228
INTERVENTIONAL,FACTORIAL,RANDOMIZED,TRIPLE,no,http://purl.obolibrary.org/obo/NCIT_C82638,http://purl.obolibrary.org/obo/NCIT_C15417,http://purl.obolibrary.org/obo/NCIT_C66959
INTERVENTIONAL,FACTORIAL,RANDOMIZED,QUADRUPLE,no,http://purl.obolibrary.org/obo/NCIT_C82638,http://purl.obolibrary.org/obo/NCIT_C15417,http://purl.obolibrary.org/obo/NCIT_C70840
INTERVENTIONAL,FACTORIAL,NON_RANDOMIZED,NONE,no,http://purl.obolibrary.org/obo/NCIT_C82638,http://purl.obolibrary.org/obo/NCIT_C93043,http://purl.obolibrary.org/obo/NCIT_C49659
INTERVENTIONAL,FACTORIAL,NON_RANDOMIZED,SINGLE,no,http://purl.obolibrary.org/obo/NCIT_C82638,http://purl.obolibrary.org/obo/NCIT_C93043,http://purl.obolibrary.org/obo/NCIT_C28233
INTERVENTIONAL,FACTORIAL,NON_RANDOMIZED,DOUBLE,no,http://purl.obolibrary.org/obo/NCIT_C82638,http://purl.obolibrary.org/obo/NCIT_C93043,http://purl.obolibrary.org/obo/NCIT_C15228
INTERVENTIONAL,FACTORIAL,NON_RANDOMIZED,TRIPLE,no,http://purl.obolibrary.org/obo/NCIT_C82638,http://purl.obolibrary.org/obo/NCIT_C93043,http://purl.obolibrary.org/obo/NCIT_C66959
INTERVENTIONAL,FACTORIAL,NON_RANDOMIZED,QUADRUPLE,no,http://purl.obolibrary.org/obo/NCIT_C82638,http://purl.obolibrary.org/obo/NCIT_C93043,http://purl.obolibrary.org/obo/NCIT_C70840
INTERVENTIONAL,FACTORIAL,NA,NONE,no,http://purl.obolibrary.org/obo/NCIT_C82638,http://purl.obolibrary.org/obo/NCIT_C49659,NONE
INTERVENTIONAL,FACTORIAL,NA,SINGLE,no,http://purl.obolibrary.org/obo/NCIT_C82638,http://purl.obolibrary.org/obo/NCIT_C28233,NONE
INTERVENTIONAL,FACTORIAL,NA,DOUBLE,no,http://purl.obolibrary.org/obo/NCIT_C82638,http://purl.obolibrary.org/obo/NCIT_C15228,NONE
INTERVENTIONAL,FACTORIAL,NA,TRIPLE,no,http://purl.obolibrary.org/obo/NCIT_C82638,http://purl.obolibrary.org/obo/NCIT_C66959,NONE
INTERVENTIONAL,FACTORIAL,NA,QUADRUPLE,no,http://purl.obolibrary.org/obo/NCIT_C82638,http://purl.obolibrary.org/obo/NCIT_C70840,NONE
INTERVENTIONAL,SEQUENTIAL,RANDOMIZED,NONE,no,http://purl.obolibrary.org/obo/NCIT_C142568,http://purl.obolibrary.org/obo/NCIT_C15417,http://purl.obolibrary.org/obo/NCIT_C49659
INTERVENTIONAL,SEQUENTIAL,RANDOMIZED,SINGLE,no,http://purl.obolibrary.org/obo/NCIT_C142568,http://purl.obolibrary.org/obo/NCIT_C15417,http://purl.obolibrary.org/obo/NCIT_C28233
INTERVENTIONAL,SEQUENTIAL,RANDOMIZED,DOUBLE,no,http://purl.obolibrary.org/obo/NCIT_C142568,http://purl.obolibrary.org/obo/NCIT_C15417,http://purl.obolibrary.org/obo/NCIT_C15228
INTERVENTIONAL,SEQUENTIAL,RANDOMIZED,TRIPLE,no,http://purl.obolibrary.org/obo/NCIT_C142568,http://purl.obolibrary.org/obo/NCIT_C15417,http://purl.obolibrary.org/obo/NCIT_C66959
INTERVENTIONAL,SEQUENTIAL,RANDOMIZED,QUADRUPLE,no,http://purl.obolibrary.org/obo/NCIT_C142568,http://purl.obolibrary.org/obo/NCIT_C15417,http://purl.obolibrary.org/obo/NCIT_C70840
INTERVENTIONAL,SEQUENTIAL,NON_RANDOMIZED,NONE,no,http://purl.obolibrary.org/obo/NCIT_C142568,http://purl.obolibrary.org/obo/NCIT_C93043,http://purl.obolibrary.org/obo/NCIT_C49659
INTERVENTIONAL,SEQUENTIAL,NON_RANDOMIZED,SINGLE,no,http://purl.obolibrary.org/obo/NCIT_C142568,http://purl.obolibrary.org/obo/NCIT_C93043,http://purl.obolibrary.org/obo/NCIT_C28233
INTERVENTIONAL,SEQUENTIAL,NON_RANDOMIZED,DOUBLE,no,http://purl.obolibrary.org/obo/NCIT_C142568,http://purl.obolibrary.org/obo/NCIT_C93043,http://purl.obolibrary.org/obo/NCIT_C15228
INTERVENTIONAL,SEQUENTIAL,NON_RANDOMIZED,TRIPLE,no,http://purl.obolibrary.org/obo/NCIT_C142568,http://purl.obolibrary.org/obo/NCIT_C93043,http://purl.obolibrary.org/obo/NCIT_C66959
INTERVENTIONAL,SEQUENTIAL,NON_RANDOMIZED,QUADRUPLE,no,http://purl.obolibrary.org/obo/NCIT_C142568,http://purl.obolibrary.org/obo/NCIT_C93043,http://purl.obolibrary.org/obo/NCIT_C70840
INTERVENTIONAL,SEQUENTIAL,NA,NONE,no,http://purl.obolibrary.org/obo/NCIT_C142568,http://purl.obolibrary.org/obo/NCIT_C49659,NONE
INTERVENTIONAL,SEQUENTIAL,NA,SINGLE,no,http://purl.obolibrary.org/obo/NCIT_C142568,http://purl.obolibrary.org/obo/NCIT_C28233,NONE
INTERVENTIONAL,SEQUENTIAL,NA,DOUBLE,no,http://purl.obolibrary.org/obo/NCIT_C142568,http://purl.obolibrary.org/obo/NCIT_C15228,NONE
INTERVENTIONAL,SEQUENTIAL,NA,TRIPLE,no,http://purl.obolibrary.org/obo/NCIT_C142568,http://purl.obolibrary.org/obo/NCIT_C66959,NONE
INTERVENTIONAL,SEQUENTIAL,NA,QUADRUPLE,no,http://purl.obolibrary.org/obo/NCIT_C142568,http://purl.obolibrary.org/obo/NCIT_C70840,NONE
INTERVENTIONAL,NONE,RANDOMIZED,NONE,no,http://purl.obolibrary.org/obo/NCIT_C98388,http://purl.obolibrary.org/obo/NCIT_C15417,http://purl.obolibrary.org/obo/NCIT_C49659
INTERVENTIONAL,NONE,RANDOMIZED,SINGLE,no,http://purl.obolibrary.org/obo/NCIT_C98388,http://purl.obolibrary.org/obo/NCIT_C15417,http://purl.obolibrary.org/obo/NCIT_C28233
INTERVENTIONAL,NONE,RANDOMIZED,DOUBLE,no,http://purl.obolibrary.org/obo/NCIT_C98388,http://purl.obolibrary.org/obo/NCIT_C15417,http://purl.obolibrary.org/obo/NCIT_C15228
INTERVENTIONAL,NONE,RANDOMIZED,TRIPLE,no,http://purl.obolibrary.org/obo/NCIT_C98388,http://purl.obolibrary.org/obo/NCIT_C15417,http://purl.obolibrary.org/obo/NCIT_C66959
INTERVENTIONAL,NONE,RANDOMIZED,QUADRUPLE,no,http://purl.obolibrary.org/obo/NCIT_C98388,http://purl.obolibrary.org/obo/NCIT_C15417,http://purl.obolibrary.org/obo/NCIT_C70840
INTERVENTIONAL,NONE,NON_RANDOMIZED,NONE,no,http://purl.obolibrary.org/obo/NCIT_C98388,http://purl.obolibrary.org/obo/NCIT_C93043,http://purl.obolibrary.org/obo/NCIT_C49659
INTERVENTIONAL,NONE,NON_RANDOMIZED,SINGLE,no,http://purl.obolibrary.org/obo/NCIT_C98388,http://purl.obolibrary.org/obo/NCIT_C93043,http://purl.obolibrary.org/obo/NCIT_C28233
INTERVENTIONAL,NONE,NON_RANDOMIZED,DOUBLE,no,http://purl.obolibrary.org/obo/NCIT_C98388,http://purl.obolibrary.org/obo/NCIT_C93043,http://purl.obolibrary.org/obo/NCIT_C15228
INTERVENTIONAL,NONE,NON_RANDOMIZED,TRIPLE,no,http://purl.obolibrary.org/obo/NCIT_C98388,http://purl.obolibrary.org/obo/NCIT_C93043,http://purl.obolibrary.org/obo/NCIT_C66959
INTERVENTIONAL,NONE,NON_RANDOMIZED,QUADRUPLE,no,http://purl.obolibrary.org/obo/NCIT_C98388,http://purl.obolibrary.org/obo/NCIT_C93043,http://purl.obolibrary.org/obo/NCIT_C70840
INTERVENTIONAL,NONE,NA,NONE,no,http://purl.obolibrary.org/obo/NCIT_C98388,http://purl.obolibrary.org/obo/NCIT_C49659,NONE
INTERVENTIONAL,NONE,NA,SINGLE,no,http://purl.obolibrary.org/obo/NCIT_C98388,http://purl.obolibrary.org/obo/NCIT_C28233,NONE
INTERVENTIONAL,NONE,NA,DOUBLE,no,http://purl.obolibrary.org/obo/NCIT_C98388,http://purl.obolibrary.org/obo/NCIT_C15228,NONE
INTERVENTIONAL,NONE,NA,TRIPLE,no,http://purl.obolibrary.org/obo/NCIT_C98388,http://purl.obolibrary.org/obo/NCIT_C66959,NONE
INTERVENTIONAL,NONE,NA,QUADRUPLE,no,http://purl.obolibrary.org/obo/NCIT_C98388,http://purl.obolibrary.org/obo/NCIT_C70840,NONE