	source_ontology	source_id	map_method	target_id
0	EDAM	http://edamontology.org/format_1991	LOOM	https://w3id.org/emmo#EMMO_85ee9154_5a3e_482e_aa37_c617ff1947ff
1	EDAM	http://edamontology.org/data_1047	LOOM	https://w3id.org/emmo#EMMO_6470bbfa_04a6_4360_9534_1aa18d68329b
2	EDAM	http://edamontology.org/data_2972	LOOM	https://w3id.org/emmo#EMMO_64963ed6_39c9_4258_85e0_6466c4b5420c
3	EDAM	http://edamontology.org/data_2044	LOOM	https://w3id.org/emmo#EMMO_92829beb_6ed4_4c88_bbd5_3bc7403e2895
4	EDAM	http://edamontology.org/data_0950	LOOM	https://w3id.org/emmo#EMMO_f7ed665b_c2e1_42bc_889b_6b42ed3a36f0
5	EDAM	http://edamontology.org/data_0846	LOOM	https://w3id.org/emmo#EMMO_9236d0aa_cb39_43a1_bbdd_6a2a714951c8
6	EDAM	http://edamontology.org/data_2527	LOOM	https://w3id.org/emmo#EMMO_d1d436e7_72fc_49cd_863b_7bfb4ba5276a
7	EDAM	http://edamontology.org/format_3787	LOOM	https://w3id.org/emmo#EMMO_29791c75_2899_47a8_bfad_fc239aa4dd2d
8	EDAM	http://edamontology.org/topic_0134	LOOM	http://purl.obolibrary.org/obo/MMO_0000534
9	EDAM	http://edamontology.org/data_1052	LOOM	https://w3id.org/emmo#EMMO_8a8f664b_dc59_4e00_ae00_81fdf1e1d12e
10	EDAM	http://edamontology.org/format_1197	LOOM	https://w3id.org/emmo#EMMO_d74ed682_894f_46c5_87cb_167f60926965
11	EDAM	http://edamontology.org/topic_4016	LOOM	http://purl.obolibrary.org/obo/MMO_0000003
12	EDAM	http://edamontology.org/data_0006	LOOM	https://w3id.org/emmo#EMMO_3e7add3d_e6ed_489a_a796_8e31fef9b490
13	EDAM	http://edamontology.org/data_1053	LOOM	https://w3id.org/emmo#EMMO_db99b1e5_2f34_467b_a784_d104946d9f00
14	EDAM	http://edamontology.org/topic_3452	LOOM	http://purl.obolibrary.org/obo/MMO_0000127
15	EDAM	http://edamontology.org/topic_3316	LOOM	https://w3id.org/emmo#EMMO_b45fbdc6_2519_4885_aa49_c56b394c3910
16	EDAM	http://edamontology.org/data_0007	LOOM	https://w3id.org/emmo#EMMO_5c68497d_2544_4cd4_897b_1ea783c9f6fe
17	EDAM	http://edamontology.org/data_3869	LOOM	https://w3id.org/emmo#EMMO_9335cf09_431f_4613_9dab_ce4ceaca965b
18	EDAM	http://edamontology.org/data_0581	LOOM	https://w3id.org/emmo#EMMO_1beed5ca_2bab_425d_bbe6_db6fab6ffe64
19	EDAM	http://edamontology.org/data_2082	LOOM	https://w3id.org/emmo#EMMO_1cba0b27_15d0_4326_933f_379d0b3565b6
20	EDAM	http://edamontology.org/topic_3385	LOOM	http://purl.obolibrary.org/obo/CHMO_0000102
21	EDAM	http://edamontology.org/topic_3385	LOOM	http://purl.obolibrary.org/obo/CHMO_0000102
22	EDAM	http://edamontology.org/topic_3385	LOOM	http://purl.obolibrary.org/obo/CHMO_0000102
23	EDAM	http://edamontology.org/data_3483	LOOM	http://purl.obolibrary.org/obo/CHMO_0000800
24	EDAM	http://edamontology.org/topic_4017	LOOM	http://purl.obolibrary.org/obo/CHMO_0002413
25	EDAM	http://edamontology.org/topic_0133	LOOM	http://purl.obolibrary.org/obo/CHMO_0001029
26	EDAM	http://edamontology.org/data_0943	LOOM	http://purl.obolibrary.org/obo/CHMO_0000806
27	EDAM	http://edamontology.org/topic_0134	LOOM	http://purl.obolibrary.org/obo/CHMO_0000470
28	EDAM	http://edamontology.org/topic_0134	LOOM	http://purl.obolibrary.org/obo/CHMO_0000470
29	EDAM	http://edamontology.org/topic_3448	LOOM	http://purl.obolibrary.org/obo/CHMO_0000698
30	EDAM	http://edamontology.org/data_2082	LOOM	http://purl.obolibrary.org/obo/CHMO_0002743
31	EDAM	http://edamontology.org/data_2082	LOOM	http://purl.obolibrary.org/obo/CHMO_0002743
32	EDAM	http://edamontology.org/data_2082	LOOM	http://purl.obolibrary.org/obo/CHMO_0002743
33	EDAM	http://edamontology.org/operation_3433	LOOM	http://purl.obolibrary.org/obo/CHMO_0001302
34	EDAM	http://edamontology.org/topic_2828	LOOM	http://purl.obolibrary.org/obo/CHMO_0000156
35	EDAM	http://edamontology.org/topic_0611	LOOM	http://purl.obolibrary.org/obo/CHMO_0000068
36	EDAM	http://edamontology.org/topic_0660	LOOM	http://www.bioassayontology.org/bao#BAO_0000275
37	EDAM	http://edamontology.org/data_0909	LOOM	http://www.bioassayontology.org/bao#BAO_0000586
38	EDAM	http://edamontology.org/operation_3899	LOOM	http://www.bioassayontology.org/bao#BAO_0002226
39	EDAM	http://edamontology.org/operation_0302	LOOM	http://www.bioassayontology.org/bao#BAO_0002224
40	EDAM	http://edamontology.org/operation_0302	LOOM	http://www.bioassayontology.org/bao#BAO_0002224
41	EDAM	http://edamontology.org/topic_0099	LOOM	http://www.bioassayontology.org/bao#BAO_0000270
42	EDAM	http://edamontology.org/topic_0099	LOOM	http://www.bioassayontology.org/bao#BAO_0000270
43	EDAM	http://edamontology.org/topic_0099	LOOM	http://www.bioassayontology.org/bao#BAO_0000270
44	EDAM	http://edamontology.org/topic_0099	LOOM	http://www.bioassayontology.org/bao#BAO_0000270
45	EDAM	http://edamontology.org/format_1213	LOOM	http://www.bioassayontology.org/bao#BAO_0000270
46	EDAM	http://edamontology.org/format_1213	LOOM	http://www.bioassayontology.org/bao#BAO_0000270
47	EDAM	http://edamontology.org/format_1213	LOOM	http://www.bioassayontology.org/bao#BAO_0000270
48	EDAM	http://edamontology.org/format_1213	LOOM	http://www.bioassayontology.org/bao#BAO_0000270
49	EDAM	http://edamontology.org/topic_0782	LOOM	http://www.bioassayontology.org/bao#BAO_0000418
50	EDAM	http://edamontology.org/topic_0782	LOOM	http://www.bioassayontology.org/bao#BAO_0000418
51	EDAM	http://edamontology.org/topic_0654	LOOM	http://www.bioassayontology.org/bao#BAO_0000269
52	EDAM	http://edamontology.org/topic_0654	LOOM	http://www.bioassayontology.org/bao#BAO_0000269
53	EDAM	http://edamontology.org/format_1212	LOOM	http://www.bioassayontology.org/bao#BAO_0000269
54	EDAM	http://edamontology.org/format_1212	LOOM	http://www.bioassayontology.org/bao#BAO_0000269
55	EDAM	http://edamontology.org/data_2081	LOOM	http://www.bioassayontology.org/bao#BAO_0000014
56	EDAM	http://edamontology.org/data_2081	LOOM	http://www.bioassayontology.org/bao#BAO_0000014
57	EDAM	http://edamontology.org/topic_0663	LOOM	http://www.bioassayontology.org/bao#BAO_0000276
58	EDAM	http://edamontology.org/topic_0663	LOOM	http://www.bioassayontology.org/bao#BAO_0000276
59	EDAM	http://edamontology.org/operation_3928	LOOM	http://www.bioassayontology.org/bao#BAO_0002348
60	EDAM	http://edamontology.org/operation_3928	LOOM	http://www.bioassayontology.org/bao#BAO_0002348
61	EDAM	http://edamontology.org/data_2877	LOOM	http://www.bioassayontology.org/bao#BAO_0002554
62	EDAM	http://edamontology.org/data_2877	LOOM	http://www.bioassayontology.org/bao#BAO_0002554
63	EDAM	http://edamontology.org/topic_0134	LOOM	http://www.bioassayontology.org/bao#BAO_0000055
64	EDAM	http://edamontology.org/topic_0134	LOOM	http://www.bioassayontology.org/bao#BAO_0000055
65	EDAM	http://edamontology.org/format_1208	LOOM	http://www.bioassayontology.org/bao#BAO_0000175
66	EDAM	http://edamontology.org/format_1208	LOOM	http://www.bioassayontology.org/bao#BAO_0000175
67	EDAM	http://edamontology.org/format_1208	LOOM	http://www.bioassayontology.org/bao#BAO_0000175
68	EDAM	http://edamontology.org/format_1208	LOOM	http://www.bioassayontology.org/bao#BAO_0000175
69	EDAM	http://edamontology.org/operation_3938	LOOM	http://www.bioassayontology.org/bao#BAO_0002364
70	EDAM	http://edamontology.org/operation_3938	LOOM	http://www.bioassayontology.org/bao#BAO_0002364
71	EDAM	http://edamontology.org/operation_3927	LOOM	http://www.bioassayontology.org/bao#BAO_0002361
72	EDAM	http://edamontology.org/operation_3927	LOOM	http://www.bioassayontology.org/bao#BAO_0002361
73	EDAM	http://edamontology.org/topic_2840	LOOM	http://www.bioassayontology.org/bao#BAO_0013018
74	EDAM	http://edamontology.org/topic_2840	LOOM	http://www.bioassayontology.org/bao#BAO_0013018
75	EDAM	http://edamontology.org/operation_0478	LOOM	http://www.bioassayontology.org/bao#BAO_0002373
76	EDAM	http://edamontology.org/operation_0478	LOOM	http://www.bioassayontology.org/bao#BAO_0002373
77	EDAM	http://edamontology.org/topic_0177	LOOM	http://www.bioassayontology.org/bao#BAO_0002373
78	EDAM	http://edamontology.org/topic_0177	LOOM	http://www.bioassayontology.org/bao#BAO_0002373
79	EDAM	http://edamontology.org/operation_0491	LOOM	http://www.bioassayontology.org/bao#BAO_0002246
80	EDAM	http://edamontology.org/operation_0491	LOOM	http://www.bioassayontology.org/bao#BAO_0002246
81	EDAM	http://edamontology.org/topic_3452	LOOM	http://www.bioassayontology.org/bao#BAO_0002525
82	EDAM	http://edamontology.org/topic_3452	LOOM	http://www.bioassayontology.org/bao#BAO_0002525
83	EDAM	http://edamontology.org/operation_3960	LOOM	http://www.bioassayontology.org/bao#BAO_0002346
84	EDAM	http://edamontology.org/operation_3960	LOOM	http://www.bioassayontology.org/bao#BAO_0002346
85	EDAM	http://edamontology.org/topic_2271	LOOM	http://www.bioassayontology.org/bao#BAO_0002258
86	EDAM	http://edamontology.org/topic_2271	LOOM	http://www.bioassayontology.org/bao#BAO_0002258
87	EDAM	http://edamontology.org/operation_0339	LOOM	http://www.bioassayontology.org/bao#BAO_0002258
88	EDAM	http://edamontology.org/operation_0339	LOOM	http://www.bioassayontology.org/bao#BAO_0002258
89	EDAM	http://edamontology.org/operation_0492	LOOM	http://www.bioassayontology.org/bao#BAO_0002245
90	EDAM	http://edamontology.org/operation_0492	LOOM	http://www.bioassayontology.org/bao#BAO_0002245
91	EDAM	http://edamontology.org/topic_0660	LOOM	http://www.bioassayontology.org/bao#BAO_0000275
92	EDAM	http://edamontology.org/topic_0182	LOOM	http://www.bioassayontology.org/bao#BAO_0002231
93	EDAM	http://edamontology.org/topic_0182	LOOM	http://www.bioassayontology.org/bao#BAO_0002231
94	EDAM	http://edamontology.org/data_0863	LOOM	http://www.bioassayontology.org/bao#BAO_0002231
95	EDAM	http://edamontology.org/data_0863	LOOM	http://www.bioassayontology.org/bao#BAO_0002231
96	EDAM	http://edamontology.org/operation_0292	LOOM	http://www.bioassayontology.org/bao#BAO_0002231
97	EDAM	http://edamontology.org/operation_0292	LOOM	http://www.bioassayontology.org/bao#BAO_0002231
98	EDAM	http://edamontology.org/topic_0183	LOOM	http://www.bioassayontology.org/bao#BAO_0002228
99	EDAM	http://edamontology.org/topic_0183	LOOM	http://www.bioassayontology.org/bao#BAO_0002228
100	EDAM	http://edamontology.org/operation_0295	LOOM	http://www.bioassayontology.org/bao#BAO_0002228
101	EDAM	http://edamontology.org/operation_0295	LOOM	http://www.bioassayontology.org/bao#BAO_0002228
102	EDAM	http://edamontology.org/data_0886	LOOM	http://www.bioassayontology.org/bao#BAO_0002228
103	EDAM	http://edamontology.org/data_0886	LOOM	http://www.bioassayontology.org/bao#BAO_0002228
104	EDAM	http://edamontology.org/data_0909	LOOM	http://www.bioassayontology.org/bao#BAO_0000586
105	EDAM	http://edamontology.org/data_0909	LOOM	http://www.bioassayontology.org/bao#BAO_0000586
106	EDAM	http://edamontology.org/operation_0416	LOOM	http://www.bioassayontology.org/bao#BAO_0010266
107	EDAM	http://edamontology.org/operation_0416	LOOM	http://www.bioassayontology.org/bao#BAO_0010266
108	EDAM	http://edamontology.org/operation_0416	LOOM	http://www.bioassayontology.org/bao#BAO_0010266
109	EDAM	http://edamontology.org/operation_3899	LOOM	http://www.bioassayontology.org/bao#BAO_0002226
110	EDAM	http://edamontology.org/format_1207	LOOM	http://www.bioassayontology.org/bao#BAO_0002010
111	EDAM	http://edamontology.org/format_1207	LOOM	http://www.bioassayontology.org/bao#BAO_0002010
112	EDAM	http://edamontology.org/data_1546	LOOM	http://purl.obolibrary.org/obo/OBIws_0000036
113	EDAM	http://edamontology.org/data_0872	LOOM	http://purl.obolibrary.org/obo/OBIws_0000178
114	EDAM	http://edamontology.org/data_2925	LOOM	http://purl.obolibrary.org/obo/OBI_0000973
115	EDAM	http://edamontology.org/data_2925	LOOM	http://purl.obolibrary.org/obo/OBI_0000973
116	EDAM	http://edamontology.org/data_2925	LOOM	http://purl.obolibrary.org/obo/OBI_0000973
117	EDAM	http://edamontology.org/data_2925	LOOM	http://purl.obolibrary.org/obo/OBI_0000973
118	EDAM	http://edamontology.org/data_2925	LOOM	http://purl.obolibrary.org/obo/OBI_0000973
119	EDAM	http://edamontology.org/data_2925	LOOM	http://purl.obolibrary.org/obo/OBI_0000973
120	EDAM	http://edamontology.org/data_2925	LOOM	http://purl.obolibrary.org/obo/OBI_0000973
121	EDAM	http://edamontology.org/data_2925	LOOM	http://purl.obolibrary.org/obo/OBI_0000973
122	EDAM	http://edamontology.org/data_2925	LOOM	http://purl.obolibrary.org/obo/OBI_0000973
123	EDAM	http://edamontology.org/data_2925	LOOM	http://purl.obolibrary.org/obo/OBI_0000973
124	EDAM	http://edamontology.org/data_2925	LOOM	http://purl.obolibrary.org/obo/OBI_0000973
125	EDAM	http://edamontology.org/data_2925	LOOM	http://purl.obolibrary.org/obo/OBI_0000973
126	EDAM	http://edamontology.org/data_2925	LOOM	http://purl.obolibrary.org/obo/OBI_0000973
127	EDAM	http://edamontology.org/data_2925	LOOM	http://purl.obolibrary.org/obo/OBI_0000973
128	EDAM	http://edamontology.org/data_2925	LOOM	http://purl.obolibrary.org/obo/OBI_0000973
129	EDAM	http://edamontology.org/data_2925	LOOM	http://purl.obolibrary.org/obo/OBI_0000973
130	EDAM	http://edamontology.org/data_2925	LOOM	http://purl.obolibrary.org/obo/OBI_0000973
131	EDAM	http://edamontology.org/data_2925	LOOM	http://purl.obolibrary.org/obo/OBI_0000973
132	EDAM	http://edamontology.org/data_2925	LOOM	http://purl.obolibrary.org/obo/OBI_0000973
133	EDAM	http://edamontology.org/data_2925	LOOM	http://purl.obolibrary.org/obo/OBI_0000973
134	EDAM	http://edamontology.org/data_2925	LOOM	http://purl.obolibrary.org/obo/OBI_0000973
135	EDAM	http://edamontology.org/data_2925	LOOM	http://purl.obolibrary.org/obo/OBI_0000973
136	EDAM	http://edamontology.org/data_2925	LOOM	http://purl.obolibrary.org/obo/OBI_0000973
137	EDAM	http://edamontology.org/data_2925	LOOM	http://purl.obolibrary.org/obo/OBI_0000973
138	EDAM	http://edamontology.org/data_2925	LOOM	http://purl.obolibrary.org/obo/OBI_0000973
139	EDAM	http://edamontology.org/data_2925	LOOM	http://purl.obolibrary.org/obo/OBI_0000973
140	EDAM	http://edamontology.org/data_2925	LOOM	http://purl.obolibrary.org/obo/OBI_0000973
141	EDAM	http://edamontology.org/data_2925	LOOM	http://purl.obolibrary.org/obo/OBI_0000973
142	EDAM	http://edamontology.org/data_2925	LOOM	http://purl.obolibrary.org/obo/OBI_0000973
143	EDAM	http://edamontology.org/data_2925	LOOM	http://purl.obolibrary.org/obo/OBI_0000973
144	EDAM	http://edamontology.org/data_2925	LOOM	http://purl.obolibrary.org/obo/OBI_0000973
145	EDAM	http://edamontology.org/data_2925	LOOM	http://purl.obolibrary.org/obo/OBI_0000973
146	EDAM	http://edamontology.org/data_2925	LOOM	http://purl.obolibrary.org/obo/OBI_0000973
147	EDAM	http://edamontology.org/data_2925	LOOM	http://purl.obolibrary.org/obo/OBI_0000973
148	EDAM	http://edamontology.org/data_2925	LOOM	http://purl.obolibrary.org/obo/OBI_0000973
149	EDAM	http://edamontology.org/data_2925	LOOM	http://purl.obolibrary.org/obo/OBI_0000973
150	EDAM	http://edamontology.org/data_2925	LOOM	http://purl.obolibrary.org/obo/OBI_0000973
151	EDAM	http://edamontology.org/data_2925	LOOM	http://purl.obolibrary.org/obo/OBI_0000973
152	EDAM	http://edamontology.org/data_2925	LOOM	http://purl.obolibrary.org/obo/OBI_0000973
153	EDAM	http://edamontology.org/data_2925	LOOM	http://purl.obolibrary.org/obo/OBI_0000973
154	EDAM	http://edamontology.org/data_2925	LOOM	http://purl.obolibrary.org/obo/OBI_0000973
155	EDAM	http://edamontology.org/data_2925	LOOM	http://purl.obolibrary.org/obo/OBI_0000973
156	EDAM	http://edamontology.org/data_2925	LOOM	http://purl.obolibrary.org/obo/OBI_0000973
157	EDAM	http://edamontology.org/operation_3192	LOOM	http://purl.obolibrary.org/obo/OBI_0002585
158	EDAM	http://edamontology.org/operation_3192	LOOM	http://purl.obolibrary.org/obo/OBI_0002585
159	EDAM	http://edamontology.org/operation_3192	LOOM	http://purl.obolibrary.org/obo/OBI_0002585
160	EDAM	http://edamontology.org/operation_3192	LOOM	http://purl.obolibrary.org/obo/OBI_0002585
161	EDAM	http://edamontology.org/operation_3192	LOOM	http://purl.obolibrary.org/obo/OBI_0002585
162	EDAM	http://edamontology.org/operation_3192	LOOM	http://purl.obolibrary.org/obo/OBI_0002585
163	EDAM	http://edamontology.org/operation_3935	LOOM	http://purl.obolibrary.org/obo/OBI_0200050
164	EDAM	http://edamontology.org/operation_3935	LOOM	http://purl.obolibrary.org/obo/OBI_0200050
165	EDAM	http://edamontology.org/operation_3935	LOOM	http://purl.obolibrary.org/obo/OBI_0200050
166	EDAM	http://edamontology.org/operation_3935	LOOM	http://purl.obolibrary.org/obo/OBI_0200050
167	EDAM	http://edamontology.org/operation_3935	LOOM	http://purl.obolibrary.org/obo/OBI_0200050
168	EDAM	http://edamontology.org/operation_3935	LOOM	http://purl.obolibrary.org/obo/OBI_0200050
169	EDAM	http://edamontology.org/operation_3935	LOOM	http://purl.obolibrary.org/obo/OBI_0200050
170	EDAM	http://edamontology.org/operation_3935	LOOM	http://purl.obolibrary.org/obo/OBI_0200050
171	EDAM	http://edamontology.org/operation_3935	LOOM	http://purl.obolibrary.org/obo/OBI_0200050
172	EDAM	http://edamontology.org/operation_3935	LOOM	http://purl.obolibrary.org/obo/OBI_0200050
173	EDAM	http://edamontology.org/operation_3935	LOOM	http://purl.obolibrary.org/obo/OBI_0200050
174	EDAM	http://edamontology.org/operation_3935	LOOM	http://purl.obolibrary.org/obo/OBI_0200050
175	EDAM	http://edamontology.org/operation_3935	LOOM	http://purl.obolibrary.org/obo/OBI_0200050
176	EDAM	http://edamontology.org/operation_3935	LOOM	http://purl.obolibrary.org/obo/OBI_0200050
177	EDAM	http://edamontology.org/operation_3935	LOOM	http://purl.obolibrary.org/obo/OBI_0200050
178	EDAM	http://edamontology.org/operation_3935	LOOM	http://purl.obolibrary.org/obo/OBI_0200050
179	EDAM	http://edamontology.org/data_3932	LOOM	http://purl.obolibrary.org/obo/OBI_0001442
180	EDAM	http://edamontology.org/data_3932	LOOM	http://purl.obolibrary.org/obo/OBI_0001442
181	EDAM	http://edamontology.org/data_3932	LOOM	http://purl.obolibrary.org/obo/OBI_0001442
182	EDAM	http://edamontology.org/data_3932	LOOM	http://purl.obolibrary.org/obo/OBI_0001442
183	EDAM	http://edamontology.org/data_3932	LOOM	http://purl.obolibrary.org/obo/OBI_0001442
184	EDAM	http://edamontology.org/data_3932	LOOM	http://purl.obolibrary.org/obo/OBI_0001442
185	EDAM	http://edamontology.org/data_3932	LOOM	http://purl.obolibrary.org/obo/OBI_0001442
186	EDAM	http://edamontology.org/data_3932	LOOM	http://purl.obolibrary.org/obo/OBI_0001442
187	EDAM	http://edamontology.org/data_3932	LOOM	http://purl.obolibrary.org/obo/OBI_0001442
188	EDAM	http://edamontology.org/data_3932	LOOM	http://purl.obolibrary.org/obo/OBI_0001442
189	EDAM	http://edamontology.org/data_3932	LOOM	http://purl.obolibrary.org/obo/OBI_0001442
190	EDAM	http://edamontology.org/data_3932	LOOM	http://purl.obolibrary.org/obo/OBI_0001442
191	EDAM	http://edamontology.org/data_3932	LOOM	http://purl.obolibrary.org/obo/OBI_0001442
192	EDAM	http://edamontology.org/data_1598	LOOM	http://purl.obolibrary.org/obo/OBIws_0000182
193	EDAM	http://edamontology.org/data_2531	LOOM	http://purl.obolibrary.org/obo/OBI_0000272
194	EDAM	http://edamontology.org/data_2531	LOOM	http://purl.obolibrary.org/obo/OBI_0000272
195	EDAM	http://edamontology.org/data_2531	LOOM	http://purl.obolibrary.org/obo/OBI_0000272
196	EDAM	http://edamontology.org/data_2531	LOOM	http://purl.obolibrary.org/obo/OBI_0000272
197	EDAM	http://edamontology.org/data_2531	LOOM	http://purl.obolibrary.org/obo/OBI_0000272
198	EDAM	http://edamontology.org/data_2531	LOOM	http://purl.obolibrary.org/obo/OBI_0000272
199	EDAM	http://edamontology.org/data_2531	LOOM	http://purl.obolibrary.org/obo/OBI_0000272
200	EDAM	http://edamontology.org/data_2531	LOOM	http://purl.obolibrary.org/obo/OBI_0000272
201	EDAM	http://edamontology.org/data_2531	LOOM	http://purl.obolibrary.org/obo/OBI_0000272
202	EDAM	http://edamontology.org/data_2531	LOOM	http://purl.obolibrary.org/obo/OBI_0000272
203	EDAM	http://edamontology.org/data_2531	LOOM	http://purl.obolibrary.org/obo/OBI_0000272
204	EDAM	http://edamontology.org/data_2531	LOOM	http://purl.obolibrary.org/obo/OBI_0000272
205	EDAM	http://edamontology.org/data_2531	LOOM	http://purl.obolibrary.org/obo/OBI_0000272
206	EDAM	http://edamontology.org/data_2531	LOOM	http://purl.obolibrary.org/obo/OBI_0000272
207	EDAM	http://edamontology.org/data_2531	LOOM	http://purl.obolibrary.org/obo/OBI_0000272
208	EDAM	http://edamontology.org/data_2531	LOOM	http://purl.obolibrary.org/obo/OBI_0000272
209	EDAM	http://edamontology.org/data_2531	LOOM	http://purl.obolibrary.org/obo/OBI_0000272
210	EDAM	http://edamontology.org/data_2531	LOOM	http://purl.obolibrary.org/obo/OBI_0000272
211	EDAM	http://edamontology.org/data_2531	LOOM	http://purl.obolibrary.org/obo/OBI_0000272
212	EDAM	http://edamontology.org/data_2531	LOOM	http://purl.obolibrary.org/obo/OBI_0000272
213	EDAM	http://edamontology.org/data_2531	LOOM	http://purl.obolibrary.org/obo/OBI_0000272
214	EDAM	http://edamontology.org/data_2531	LOOM	http://purl.obolibrary.org/obo/OBI_0000272
215	EDAM	http://edamontology.org/data_2531	LOOM	http://purl.obolibrary.org/obo/OBI_0000272
216	EDAM	http://edamontology.org/data_2531	LOOM	http://purl.obolibrary.org/obo/OBI_0000272
217	EDAM	http://edamontology.org/data_2531	LOOM	http://purl.obolibrary.org/obo/OBI_0000272
218	EDAM	http://edamontology.org/data_2531	LOOM	http://purl.obolibrary.org/obo/OBI_0000272
219	EDAM	http://edamontology.org/data_2531	LOOM	http://purl.obolibrary.org/obo/OBI_0000272
220	EDAM	http://edamontology.org/data_2531	LOOM	http://purl.obolibrary.org/obo/OBI_0000272
221	EDAM	http://edamontology.org/data_2531	LOOM	http://purl.obolibrary.org/obo/OBI_0000272
222	EDAM	http://edamontology.org/data_2531	LOOM	http://purl.obolibrary.org/obo/OBI_0000272
223	EDAM	http://edamontology.org/data_2531	LOOM	http://purl.obolibrary.org/obo/OBI_0000272
224	EDAM	http://edamontology.org/data_2531	LOOM	http://purl.obolibrary.org/obo/OBI_0000272
225	EDAM	http://edamontology.org/data_2531	LOOM	http://purl.obolibrary.org/obo/OBI_0000272
226	EDAM	http://edamontology.org/data_2531	LOOM	http://purl.obolibrary.org/obo/OBI_0000272
227	EDAM	http://edamontology.org/data_2531	LOOM	http://purl.obolibrary.org/obo/OBI_0000272
228	EDAM	http://edamontology.org/data_2531	LOOM	http://purl.obolibrary.org/obo/OBI_0000272
229	EDAM	http://edamontology.org/data_2531	LOOM	http://purl.obolibrary.org/obo/OBI_0000272
230	EDAM	http://edamontology.org/data_2531	LOOM	http://purl.obolibrary.org/obo/OBI_0000272
231	EDAM	http://edamontology.org/data_2531	LOOM	http://purl.obolibrary.org/obo/OBI_0000272
232	EDAM	http://edamontology.org/data_2531	LOOM	http://purl.obolibrary.org/obo/OBI_0000272
233	EDAM	http://edamontology.org/data_2531	LOOM	http://purl.obolibrary.org/obo/OBI_0000272
234	EDAM	http://edamontology.org/data_2531	LOOM	http://purl.obolibrary.org/obo/OBI_0000272
235	EDAM	http://edamontology.org/data_2531	LOOM	http://purl.obolibrary.org/obo/OBI_0000272
236	EDAM	http://edamontology.org/data_2531	LOOM	http://purl.obolibrary.org/obo/OBI_0000272
237	EDAM	http://edamontology.org/data_2531	LOOM	http://purl.obolibrary.org/obo/OBI_0000272
238	EDAM	http://edamontology.org/data_2531	LOOM	http://purl.obolibrary.org/obo/OBI_0000272
239	EDAM	http://edamontology.org/data_2531	LOOM	http://purl.obolibrary.org/obo/OBI_0000272
240	EDAM	http://edamontology.org/data_2531	LOOM	http://purl.obolibrary.org/obo/OBI_0000272
241	EDAM	http://edamontology.org/data_1187	LOOM	http://purl.obolibrary.org/obo/OBI_0001617
242	EDAM	http://edamontology.org/data_1187	LOOM	http://purl.obolibrary.org/obo/OBI_0001617
243	EDAM	http://edamontology.org/data_1187	LOOM	http://purl.obolibrary.org/obo/OBI_0001617
244	EDAM	http://edamontology.org/data_1187	LOOM	http://purl.obolibrary.org/obo/OBI_0001617
245	EDAM	http://edamontology.org/data_1187	LOOM	http://purl.obolibrary.org/obo/OBI_0001617
246	EDAM	http://edamontology.org/data_1187	LOOM	http://purl.obolibrary.org/obo/OBI_0001617
247	EDAM	http://edamontology.org/data_1187	LOOM	http://purl.obolibrary.org/obo/OBI_0001617
248	EDAM	http://edamontology.org/data_1187	LOOM	http://purl.obolibrary.org/obo/OBI_0001617
249	EDAM	http://edamontology.org/data_1187	LOOM	http://purl.obolibrary.org/obo/OBI_0001617
250	EDAM	http://edamontology.org/data_1187	LOOM	http://purl.obolibrary.org/obo/OBI_0001617
251	EDAM	http://edamontology.org/data_1187	LOOM	http://purl.obolibrary.org/obo/OBI_0001617
252	EDAM	http://edamontology.org/data_1187	LOOM	http://purl.obolibrary.org/obo/OBI_0001617
253	EDAM	http://edamontology.org/operation_3927	LOOM	http://purl.obolibrary.org/obo/OBI_0200080
254	EDAM	http://edamontology.org/operation_3927	LOOM	http://purl.obolibrary.org/obo/OBI_0200080
255	EDAM	http://edamontology.org/operation_3927	LOOM	http://purl.obolibrary.org/obo/OBI_0200080
256	EDAM	http://edamontology.org/operation_3927	LOOM	http://purl.obolibrary.org/obo/OBI_0200080
257	EDAM	http://edamontology.org/operation_3927	LOOM	http://purl.obolibrary.org/obo/OBI_0200080
258	EDAM	http://edamontology.org/operation_3927	LOOM	http://purl.obolibrary.org/obo/OBI_0200080
259	EDAM	http://edamontology.org/operation_3927	LOOM	http://purl.obolibrary.org/obo/OBI_0200080
260	EDAM	http://edamontology.org/topic_3474	LOOM	http://purl.obolibrary.org/obo/OBI_0002587
261	EDAM	http://edamontology.org/topic_3474	LOOM	http://purl.obolibrary.org/obo/OBI_0002587
262	EDAM	http://edamontology.org/topic_3474	LOOM	http://purl.obolibrary.org/obo/OBI_0002587
263	EDAM	http://edamontology.org/topic_3337	LOOM	http://purl.obolibrary.org/obo/OBIB_0000616
264	EDAM	http://edamontology.org/operation_0361	LOOM	http://purl.obolibrary.org/obo/OBI_0001944
265	EDAM	http://edamontology.org/operation_0361	LOOM	http://purl.obolibrary.org/obo/OBI_0001944
266	EDAM	http://edamontology.org/operation_0361	LOOM	http://purl.obolibrary.org/obo/OBI_0001944
267	EDAM	http://edamontology.org/operation_0361	LOOM	http://purl.obolibrary.org/obo/OBI_0001944
268	EDAM	http://edamontology.org/operation_0361	LOOM	http://purl.obolibrary.org/obo/OBI_0001944
269	EDAM	http://edamontology.org/operation_0361	LOOM	http://purl.obolibrary.org/obo/OBI_0001944
270	EDAM	http://edamontology.org/operation_0361	LOOM	http://purl.obolibrary.org/obo/OBI_0001944
271	EDAM	http://edamontology.org/operation_0361	LOOM	http://purl.obolibrary.org/obo/OBI_0001944
272	EDAM	http://edamontology.org/topic_0221	LOOM	http://purl.obolibrary.org/obo/OBI_0001944
273	EDAM	http://edamontology.org/topic_0221	LOOM	http://purl.obolibrary.org/obo/OBI_0001944
274	EDAM	http://edamontology.org/topic_0221	LOOM	http://purl.obolibrary.org/obo/OBI_0001944
275	EDAM	http://edamontology.org/topic_0221	LOOM	http://purl.obolibrary.org/obo/OBI_0001944
276	EDAM	http://edamontology.org/topic_0221	LOOM	http://purl.obolibrary.org/obo/OBI_0001944
277	EDAM	http://edamontology.org/topic_0221	LOOM	http://purl.obolibrary.org/obo/OBI_0001944
278	EDAM	http://edamontology.org/topic_0221	LOOM	http://purl.obolibrary.org/obo/OBI_0001944
279	EDAM	http://edamontology.org/topic_0221	LOOM	http://purl.obolibrary.org/obo/OBI_0001944
280	EDAM	http://edamontology.org/operation_3937	LOOM	http://purl.obolibrary.org/obo/OBI_0001028
281	EDAM	http://edamontology.org/operation_3937	LOOM	http://purl.obolibrary.org/obo/OBI_0001028
282	EDAM	http://edamontology.org/operation_3937	LOOM	http://purl.obolibrary.org/obo/OBI_0001028
283	EDAM	http://edamontology.org/operation_3937	LOOM	http://purl.obolibrary.org/obo/OBI_0001028
284	EDAM	http://edamontology.org/operation_3937	LOOM	http://purl.obolibrary.org/obo/OBI_0001028
285	EDAM	http://edamontology.org/operation_3937	LOOM	http://purl.obolibrary.org/obo/OBI_0001028
286	EDAM	http://edamontology.org/operation_3937	LOOM	http://purl.obolibrary.org/obo/OBI_0001028
287	EDAM	http://edamontology.org/operation_3937	LOOM	http://purl.obolibrary.org/obo/OBI_0001028
288	EDAM	http://edamontology.org/topic_3360	LOOM	http://purl.obolibrary.org/obo/FOBI_01501
289	EDAM	http://edamontology.org/data_1063	LOOM	http://purl.obolibrary.org/obo/OBIws_0000097
290	EDAM	http://edamontology.org/topic_3324	LOOM	http://purl.obolibrary.org/obo/OBI_1110040
291	EDAM	http://edamontology.org/topic_3324	LOOM	http://purl.obolibrary.org/obo/OBI_1110040
292	EDAM	http://edamontology.org/topic_3324	LOOM	http://purl.obolibrary.org/obo/OBI_1110040
293	EDAM	http://edamontology.org/topic_3324	LOOM	http://purl.obolibrary.org/obo/OBI_1110040
294	EDAM	http://edamontology.org/topic_3324	LOOM	http://purl.obolibrary.org/obo/OBI_1110040
295	EDAM	http://edamontology.org/topic_3324	LOOM	http://purl.obolibrary.org/obo/OBI_1110040
296	EDAM	http://edamontology.org/topic_3324	LOOM	http://purl.obolibrary.org/obo/OBI_1110040
297	EDAM	http://edamontology.org/topic_3324	LOOM	http://purl.obolibrary.org/obo/OBI_1110040
298	EDAM	http://edamontology.org/topic_3324	LOOM	http://purl.obolibrary.org/obo/OBI_1110040
299	EDAM	http://edamontology.org/topic_4014	LOOM	http://purl.obolibrary.org/obo/OBI_0002186
300	EDAM	http://edamontology.org/topic_4014	LOOM	http://purl.obolibrary.org/obo/OBI_0002186
301	EDAM	http://edamontology.org/topic_4014	LOOM	http://purl.obolibrary.org/obo/OBI_0002186
302	EDAM	http://edamontology.org/topic_4014	LOOM	http://purl.obolibrary.org/obo/OBI_0002186
303	EDAM	http://edamontology.org/topic_4014	LOOM	http://purl.obolibrary.org/obo/OBI_0002186
304	EDAM	http://edamontology.org/topic_4014	LOOM	http://purl.obolibrary.org/obo/OBI_0002186
305	EDAM	http://edamontology.org/topic_4014	LOOM	http://purl.obolibrary.org/obo/OBI_0002186
306	EDAM	http://edamontology.org/topic_3077	LOOM	http://purl.obolibrary.org/obo/OBI_0600013
307	EDAM	http://edamontology.org/data_1669	LOOM	http://purl.obolibrary.org/obo/OBI_0001442
308	EDAM	http://edamontology.org/data_1669	LOOM	http://purl.obolibrary.org/obo/OBI_0000175
309	EDAM	http://edamontology.org/data_1669	LOOM	http://purl.obolibrary.org/obo/OBI_0000175
310	EDAM	http://edamontology.org/data_1669	LOOM	http://purl.obolibrary.org/obo/OBI_0000175
311	EDAM	http://edamontology.org/data_1669	LOOM	http://purl.obolibrary.org/obo/OBI_0000175
312	EDAM	http://edamontology.org/data_1669	LOOM	http://purl.obolibrary.org/obo/OBI_0000175
313	EDAM	http://edamontology.org/data_1669	LOOM	http://purl.obolibrary.org/obo/OBI_0000175
314	EDAM	http://edamontology.org/data_1669	LOOM	http://purl.obolibrary.org/obo/OBI_0000175
315	EDAM	http://edamontology.org/data_1669	LOOM	http://purl.obolibrary.org/obo/OBI_0000175
316	EDAM	http://edamontology.org/data_1669	LOOM	http://purl.obolibrary.org/obo/OBI_0000175
317	EDAM	http://edamontology.org/data_1669	LOOM	http://purl.obolibrary.org/obo/OBI_0000175
318	EDAM	http://edamontology.org/data_1669	LOOM	http://purl.obolibrary.org/obo/OBI_0000175
319	EDAM	http://edamontology.org/data_1669	LOOM	http://purl.obolibrary.org/obo/OBI_0000175
320	EDAM	http://edamontology.org/data_1669	LOOM	http://purl.obolibrary.org/obo/OBI_0000175
321	EDAM	http://edamontology.org/data_1669	LOOM	http://purl.obolibrary.org/obo/OBI_0000175
322	EDAM	http://edamontology.org/data_1669	LOOM	http://purl.obolibrary.org/obo/OBI_0000175
323	EDAM	http://edamontology.org/data_2082	LOOM	http://purl.obolibrary.org/obo/OBIws_0000100
324	EDAM	http://edamontology.org/topic_0182	LOOM	http://purl.obolibrary.org/obo/OBI_0002567
325	EDAM	http://edamontology.org/topic_0182	LOOM	http://purl.obolibrary.org/obo/OBI_0002567
326	EDAM	http://edamontology.org/topic_0182	LOOM	http://purl.obolibrary.org/obo/OBI_0002567
327	EDAM	http://edamontology.org/topic_0182	LOOM	http://purl.obolibrary.org/obo/OBI_0002567
328	EDAM	http://edamontology.org/topic_0182	LOOM	http://purl.obolibrary.org/obo/OBI_0002567
329	EDAM	http://edamontology.org/data_0863	LOOM	http://purl.obolibrary.org/obo/OBI_0002567
330	EDAM	http://edamontology.org/data_0863	LOOM	http://purl.obolibrary.org/obo/OBI_0002567
331	EDAM	http://edamontology.org/data_0863	LOOM	http://purl.obolibrary.org/obo/OBI_0002567
332	EDAM	http://edamontology.org/data_0863	LOOM	http://purl.obolibrary.org/obo/OBI_0002567
333	EDAM	http://edamontology.org/data_0863	LOOM	http://purl.obolibrary.org/obo/OBI_0002567
334	EDAM	http://edamontology.org/operation_0292	LOOM	http://purl.obolibrary.org/obo/OBI_0002567
335	EDAM	http://edamontology.org/operation_0292	LOOM	http://purl.obolibrary.org/obo/OBI_0002567
336	EDAM	http://edamontology.org/operation_0292	LOOM	http://purl.obolibrary.org/obo/OBI_0002567
337	EDAM	http://edamontology.org/operation_0292	LOOM	http://purl.obolibrary.org/obo/OBI_0002567
338	EDAM	http://edamontology.org/operation_0292	LOOM	http://purl.obolibrary.org/obo/OBI_0002567
339	EDAM	http://edamontology.org/operation_2428	LOOM	http://purl.obolibrary.org/obo/OBI_0302911
340	EDAM	http://edamontology.org/operation_2428	LOOM	http://purl.obolibrary.org/obo/OBI_0302911
341	EDAM	http://edamontology.org/operation_2428	LOOM	http://purl.obolibrary.org/obo/OBI_0302911
342	EDAM	http://edamontology.org/operation_2428	LOOM	http://purl.obolibrary.org/obo/OBI_0302911
343	EDAM	http://edamontology.org/operation_2428	LOOM	http://purl.obolibrary.org/obo/OBI_0302911
344	EDAM	http://edamontology.org/operation_2428	LOOM	http://purl.obolibrary.org/obo/OBI_0302911
345	EDAM	http://edamontology.org/operation_2428	LOOM	http://purl.obolibrary.org/obo/OBI_0302911
346	EDAM	http://edamontology.org/operation_2428	LOOM	http://purl.obolibrary.org/obo/OBI_0302911
347	EDAM	http://edamontology.org/operation_2428	LOOM	http://purl.obolibrary.org/obo/OBI_0302911
348	EDAM	http://edamontology.org/operation_2428	LOOM	http://purl.obolibrary.org/obo/OBI_0302911
349	EDAM	http://edamontology.org/operation_2428	LOOM	http://purl.obolibrary.org/obo/OBI_0302911
350	EDAM	http://edamontology.org/topic_0199	LOOM	http://www.ebi.ac.uk/efo/EFO_0004828
351	EDAM	http://edamontology.org/topic_4028	LOOM	http://www.ebi.ac.uk/efo/EFO_0007832
352	EDAM	http://edamontology.org/operation_3634	LOOM	http://www.ebi.ac.uk/efo/EFO_0030054
353	EDAM	http://edamontology.org/operation_3429	LOOM	http://www.ebi.ac.uk/efo/EFO_0000507
354	EDAM	http://edamontology.org/format_3008	LOOM	http://www.ebi.ac.uk/efo/EFO_0008791
355	EDAM	http://edamontology.org/topic_3177	LOOM	http://www.ebi.ac.uk/efo/EFO_0002693
356	EDAM	http://edamontology.org/operation_3196	LOOM	http://www.ebi.ac.uk/efo/EFO_0000750
357	EDAM	http://edamontology.org/operation_3196	LOOM	http://www.ebi.ac.uk/efo/EFO_0000750
358	EDAM	http://edamontology.org/topic_3171	LOOM	http://www.ebi.ac.uk/efo/EFO_0022599
359	EDAM	http://edamontology.org/topic_3676	LOOM	http://www.ebi.ac.uk/efo/EFO_0005396
360	EDAM	http://edamontology.org/topic_0199	LOOM	http://www.ebi.ac.uk/efo/EFO_0004828
361	EDAM	http://edamontology.org/topic_0199	LOOM	http://www.ebi.ac.uk/efo/EFO_0004828
362	EDAM	http://edamontology.org/topic_0199	LOOM	http://www.ebi.ac.uk/efo/EFO_0004828
363	EDAM	http://edamontology.org/topic_0199	LOOM	http://www.ebi.ac.uk/efo/EFO_0004828
364	EDAM	http://edamontology.org/topic_3169	LOOM	http://www.ebi.ac.uk/efo/EFO_0002692
365	EDAM	http://edamontology.org/topic_0644	LOOM	http://www.ebi.ac.uk/efo/EFO_0010579
366	EDAM	http://edamontology.org/operation_0365	LOOM	http://www.ebi.ac.uk/efo/EFO_0004179
367	EDAM	http://edamontology.org/data_1239	LOOM	http://www.ebi.ac.uk/efo/EFO_0004179
368	EDAM	http://edamontology.org/topic_4016	LOOM	http://www.ebi.ac.uk/efo/EFO_0004327
369	EDAM	http://edamontology.org/topic_4016	LOOM	http://www.ebi.ac.uk/efo/EFO_0004327
370	EDAM	http://edamontology.org/format_1629	LOOM	http://www.ebi.ac.uk/efo/EFO_0008816
371	EDAM	http://edamontology.org/operation_3937	LOOM	http://www.ebi.ac.uk/efo/EFO_0000494
372	EDAM	http://edamontology.org/topic_3323	LOOM	http://www.ebi.ac.uk/efo/EFO_0000589
373	EDAM	http://edamontology.org/topic_3323	LOOM	http://www.ebi.ac.uk/efo/EFO_0000589
374	EDAM	http://edamontology.org/topic_3324	LOOM	http://www.ebi.ac.uk/efo/EFO_0005741
375	EDAM	http://edamontology.org/format_3000	LOOM	http://www.ebi.ac.uk/efo/EFO_0004042
376	EDAM	http://edamontology.org/topic_3170	LOOM	http://www.ebi.ac.uk/efo/EFO_0008896
377	EDAM	http://edamontology.org/topic_3958	LOOM	http://www.ebi.ac.uk/efo/EFO_0004798
378	EDAM	http://edamontology.org/topic_3958	LOOM	http://www.ebi.ac.uk/efo/EFO_0004798
379	EDAM	http://edamontology.org/data_2299	LOOM	http://www.ebi.ac.uk/efo/EFO_0002605
380	EDAM	http://edamontology.org/format_1996	LOOM	http://www.ebi.ac.uk/efo/EFO_0008841
381	EDAM	http://edamontology.org/data_1464	LOOM	http://purl.obolibrary.org/obo/NCIT_C13404
382	EDAM	http://edamontology.org/topic_3673	LOOM	http://purl.obolibrary.org/obo/NCIT_C101294
383	EDAM	http://edamontology.org/format_3003	LOOM	http://purl.obolibrary.org/obo/NCIT_C50367
384	EDAM	http://edamontology.org/topic_0077	LOOM	http://purl.obolibrary.org/obo/NCIT_C706
385	EDAM	http://edamontology.org/topic_0605	LOOM	http://purl.obolibrary.org/obo/NCIT_C18145
386	EDAM	http://edamontology.org/topic_0108	LOOM	http://purl.obolibrary.org/obo/NCIT_C18966
387	EDAM	http://edamontology.org/topic_4037	LOOM	http://purl.obolibrary.org/obo/NCIT_C17743
388	EDAM	http://edamontology.org/data_1906	LOOM	http://purl.obolibrary.org/obo/NCIT_C113414
389	EDAM	http://edamontology.org/topic_3673	LOOM	http://purl.obolibrary.org/obo/NCIT_C101294
390	EDAM	http://edamontology.org/topic_3673	LOOM	http://purl.obolibrary.org/obo/NCIT_C101294
391	EDAM	http://edamontology.org/data_0842	LOOM	http://purl.obolibrary.org/obo/NCIT_C25364
392	EDAM	http://edamontology.org/data_0842	LOOM	http://purl.obolibrary.org/obo/NCIT_C25364
393	EDAM	http://edamontology.org/data_0971	LOOM	http://purl.obolibrary.org/obo/NCIT_C47902
394	EDAM	http://edamontology.org/topic_3421	LOOM	http://purl.obolibrary.org/obo/NCIT_C17173
395	EDAM	http://edamontology.org/operation_2990	LOOM	http://purl.obolibrary.org/obo/NCIT_C25161
396	EDAM	http://edamontology.org/topic_2230	LOOM	http://purl.obolibrary.org/obo/NCIT_C25161
397	EDAM	http://edamontology.org/data_3494	LOOM	http://purl.obolibrary.org/obo/NCIT_C13299
398	EDAM	http://edamontology.org/topic_3375	LOOM	http://purl.obolibrary.org/obo/NCIT_C26633
399	EDAM	http://edamontology.org/operation_3429	LOOM	http://purl.obolibrary.org/obo/NCIT_C88214
400	EDAM	http://edamontology.org/operation_3429	LOOM	http://purl.obolibrary.org/obo/NCIT_C48151
401	EDAM	http://edamontology.org/topic_0654	LOOM	http://purl.obolibrary.org/obo/NCIT_C449
402	EDAM	http://edamontology.org/topic_0654	LOOM	http://purl.obolibrary.org/obo/NCIT_C449
403	EDAM	http://edamontology.org/format_1212	LOOM	http://purl.obolibrary.org/obo/NCIT_C449
404	EDAM	http://edamontology.org/format_1212	LOOM	http://purl.obolibrary.org/obo/NCIT_C449
405	EDAM	http://edamontology.org/data_3483	LOOM	http://purl.obolibrary.org/obo/NCIT_C84383
406	EDAM	http://edamontology.org/topic_0202	LOOM	http://purl.obolibrary.org/obo/NCIT_C16974
407	EDAM	http://edamontology.org/operation_3196	LOOM	http://purl.obolibrary.org/obo/NCIT_C45447
408	EDAM	http://edamontology.org/data_3495	LOOM	http://purl.obolibrary.org/obo/NCIT_C89252
409	EDAM	http://edamontology.org/data_1772	LOOM	http://purl.obolibrary.org/obo/NCIT_C25338
410	EDAM	http://edamontology.org/data_2099	LOOM	http://purl.obolibrary.org/obo/NCIT_C42614
411	EDAM	http://edamontology.org/topic_3171	LOOM	http://purl.obolibrary.org/obo/NCIT_C17961
412	EDAM	http://edamontology.org/data_1692	LOOM	http://purl.obolibrary.org/obo/NCIT_C25191
413	EDAM	http://edamontology.org/data_1692	LOOM	http://purl.obolibrary.org/obo/NCIT_C25191
414	EDAM	http://edamontology.org/topic_0121	LOOM	http://purl.obolibrary.org/obo/NCIT_C20085
415	EDAM	http://edamontology.org/format_1208	LOOM	http://purl.obolibrary.org/obo/NCIT_C17021
416	EDAM	http://edamontology.org/format_1208	LOOM	http://purl.obolibrary.org/obo/NCIT_C17021
417	EDAM	http://edamontology.org/topic_3320	LOOM	http://purl.obolibrary.org/obo/NCIT_C17106
418	EDAM	http://edamontology.org/data_1313	LOOM	http://purl.obolibrary.org/obo/NCIT_C48691
419	EDAM	http://edamontology.org/operation_2403	LOOM	http://purl.obolibrary.org/obo/NCIT_C17565
420	EDAM	http://edamontology.org/topic_0080	LOOM	http://purl.obolibrary.org/obo/NCIT_C17565
421	EDAM	http://edamontology.org/topic_2640	LOOM	http://purl.obolibrary.org/obo/NCIT_C17837
422	EDAM	http://edamontology.org/topic_0210	LOOM	http://purl.obolibrary.org/obo/NCIT_C14207
423	EDAM	http://edamontology.org/data_2042	LOOM	http://purl.obolibrary.org/obo/NCIT_C43583
424	EDAM	http://edamontology.org/operation_2430	LOOM	http://purl.obolibrary.org/obo/NCIT_C43358
425	EDAM	http://edamontology.org/data_2156	LOOM	http://purl.obolibrary.org/obo/NCIT_C25164
426	EDAM	http://edamontology.org/data_2156	LOOM	http://purl.obolibrary.org/obo/NCIT_C25164
427	EDAM	http://edamontology.org/data_1460	LOOM	http://purl.obolibrary.org/obo/NCIT_C13303
428	EDAM	http://edamontology.org/data_1460	LOOM	http://purl.obolibrary.org/obo/NCIT_C13303
429	EDAM	http://edamontology.org/data_2100	LOOM	http://purl.obolibrary.org/obo/NCIT_C25284
430	EDAM	http://edamontology.org/data_2151	LOOM	http://purl.obolibrary.org/obo/NCIT_C37927
431	EDAM	http://edamontology.org/topic_3373	LOOM	http://purl.obolibrary.org/obo/NCIT_C15760
432	EDAM	http://edamontology.org/topic_3373	LOOM	http://purl.obolibrary.org/obo/NCIT_C15760
433	EDAM	http://edamontology.org/topic_3373	LOOM	http://purl.obolibrary.org/obo/NCIT_C15760
434	EDAM	http://edamontology.org/topic_3373	LOOM	http://purl.obolibrary.org/obo/NCIT_C15760
435	EDAM	http://edamontology.org/topic_3373	LOOM	http://purl.obolibrary.org/obo/NCIT_C15760
436	EDAM	http://edamontology.org/topic_3373	LOOM	http://purl.obolibrary.org/obo/NCIT_C15760
437	EDAM	http://edamontology.org/topic_3373	LOOM	http://purl.obolibrary.org/obo/NCIT_C15760
438	EDAM	http://edamontology.org/topic_3373	LOOM	http://purl.obolibrary.org/obo/NCIT_C15760
439	EDAM	http://edamontology.org/topic_3373	LOOM	http://purl.obolibrary.org/obo/NCIT_C15760
440	EDAM	http://edamontology.org/topic_3373	LOOM	http://purl.obolibrary.org/obo/NCIT_C15760
441	EDAM	http://edamontology.org/topic_3373	LOOM	http://purl.obolibrary.org/obo/NCIT_C15760
442	EDAM	http://edamontology.org/topic_3373	LOOM	http://purl.obolibrary.org/obo/NCIT_C15760
443	EDAM	http://edamontology.org/topic_3373	LOOM	http://purl.obolibrary.org/obo/NCIT_C15760
444	EDAM	http://edamontology.org/topic_3373	LOOM	http://purl.obolibrary.org/obo/NCIT_C15760
445	EDAM	http://edamontology.org/topic_3373	LOOM	http://purl.obolibrary.org/obo/NCIT_C15760
446	EDAM	http://edamontology.org/topic_3373	LOOM	http://purl.obolibrary.org/obo/NCIT_C15760
447	EDAM	http://edamontology.org/topic_0110	LOOM	http://purl.obolibrary.org/obo/NCIT_C17208
448	EDAM	http://edamontology.org/topic_3303	LOOM	http://purl.obolibrary.org/obo/NCIT_C16833
449	EDAM	http://edamontology.org/topic_3065	LOOM	http://purl.obolibrary.org/obo/NCIT_C16542
450	EDAM	http://edamontology.org/topic_0112	LOOM	http://purl.obolibrary.org/obo/NCIT_C21039
451	EDAM	http://edamontology.org/data_1868	LOOM	http://purl.obolibrary.org/obo/NCIT_C40098
452	EDAM	http://edamontology.org/data_1868	LOOM	http://purl.obolibrary.org/obo/NCIT_C40098
453	EDAM	http://edamontology.org/data_0006	LOOM	http://purl.obolibrary.org/obo/NCIT_C25474
454	EDAM	http://edamontology.org/data_0006	LOOM	http://purl.obolibrary.org/obo/NCIT_C25474
455	EDAM	http://edamontology.org/topic_3070	LOOM	http://purl.obolibrary.org/obo/NCIT_C16345
456	EDAM	http://edamontology.org/topic_0203	LOOM	http://purl.obolibrary.org/obo/NCIT_C16608
457	EDAM	http://edamontology.org/topic_0203	LOOM	http://purl.obolibrary.org/obo/NCIT_C16608
458	EDAM	http://edamontology.org/topic_3300	LOOM	http://purl.obolibrary.org/obo/NCIT_C16990
459	EDAM	http://edamontology.org/data_2048	LOOM	http://purl.obolibrary.org/obo/NCIT_C25375
460	EDAM	http://edamontology.org/topic_3053	LOOM	http://purl.obolibrary.org/obo/NCIT_C16624
461	EDAM	http://edamontology.org/topic_3053	LOOM	http://purl.obolibrary.org/obo/NCIT_C16624
462	EDAM	http://edamontology.org/operation_2410	LOOM	http://purl.obolibrary.org/obo/NCIT_C63479
463	EDAM	http://edamontology.org/topic_0077	LOOM	http://purl.obolibrary.org/obo/NCIT_C706
464	EDAM	http://edamontology.org/topic_3064	LOOM	http://purl.obolibrary.org/obo/NCIT_C16501
465	EDAM	http://edamontology.org/data_0007	LOOM	http://purl.obolibrary.org/obo/NCIT_C172800
466	EDAM	http://edamontology.org/data_1468	LOOM	http://purl.obolibrary.org/obo/NCIT_C13379
467	EDAM	http://edamontology.org/data_1468	LOOM	http://purl.obolibrary.org/obo/NCIT_C13379
468	EDAM	http://edamontology.org/format_3830	LOOM	http://purl.obolibrary.org/obo/NCIT_C66930
469	EDAM	http://edamontology.org/format_3830	LOOM	http://purl.obolibrary.org/obo/NCIT_C66930
470	EDAM	http://edamontology.org/format_3830	LOOM	http://purl.obolibrary.org/obo/NCIT_C66930
471	EDAM	http://edamontology.org/format_3830	LOOM	http://purl.obolibrary.org/obo/NCIT_C66930
472	EDAM	http://edamontology.org/format_3830	LOOM	http://purl.obolibrary.org/obo/NCIT_C66930
473	EDAM	http://edamontology.org/format_3830	LOOM	http://purl.obolibrary.org/obo/NCIT_C66930
474	EDAM	http://edamontology.org/format_3830	LOOM	http://purl.obolibrary.org/obo/NCIT_C66930
475	EDAM	http://edamontology.org/format_3830	LOOM	http://purl.obolibrary.org/obo/NCIT_C66930
476	EDAM	http://edamontology.org/format_3830	LOOM	http://purl.obolibrary.org/obo/NCIT_C66930
477	EDAM	http://edamontology.org/format_3830	LOOM	http://purl.obolibrary.org/obo/NCIT_C66930
478	EDAM	http://edamontology.org/format_3830	LOOM	http://purl.obolibrary.org/obo/NCIT_C66930
479	EDAM	http://edamontology.org/format_3830	LOOM	http://purl.obolibrary.org/obo/NCIT_C66930
480	EDAM	http://edamontology.org/format_3830	LOOM	http://purl.obolibrary.org/obo/NCIT_C66930
481	EDAM	http://edamontology.org/format_3830	LOOM	http://purl.obolibrary.org/obo/NCIT_C66930
482	EDAM	http://edamontology.org/operation_0004	LOOM	http://purl.obolibrary.org/obo/NCIT_C88213
483	EDAM	http://edamontology.org/topic_0208	LOOM	http://purl.obolibrary.org/obo/NCIT_C20050
484	EDAM	http://edamontology.org/topic_0091	LOOM	http://purl.obolibrary.org/obo/NCIT_C17964
485	EDAM	http://edamontology.org/data_2082	LOOM	http://purl.obolibrary.org/obo/NCIT_C45805
486	EDAM	http://edamontology.org/topic_2817	LOOM	http://purl.obolibrary.org/obo/NCIT_C66676
487	EDAM	http://edamontology.org/topic_2817	LOOM	http://purl.obolibrary.org/obo/NCIT_C14286
488	EDAM	http://edamontology.org/format_1207	LOOM	http://purl.obolibrary.org/obo/NCIT_C709
489	EDAM	http://edamontology.org/operation_2428	LOOM	http://purl.obolibrary.org/obo/NCIT_C16237
490	EDAM	http://edamontology.org/operation_2428	LOOM	http://purl.obolibrary.org/obo/NCIT_C16237
491	EDAM	http://edamontology.org/data_1691	LOOM	http://purl.obolibrary.org/obo/NCIT_C42775
492	EDAM	http://edamontology.org/data_1691	LOOM	http://purl.obolibrary.org/obo/NCIT_C42775
