confidence_tier	confidence_score	normalized_label	label_1	id_1	ontology_1	label_2	id_2	ontology_2	in_ordered_mapping_best_dict
exact_norm	1.0	454 sequencing	454 Sequencing	http://purl.obolibrary.org/obo/NCIT_C146809	NCIT	454 Sequencing	http://www.ebi.ac.uk/efo/EFO_0005016	EFO	False
exact_norm	1.0	affinity chromatography	Affinity Chromatography	http://purl.obolibrary.org/obo/NCIT_C16432	NCIT	affinity chromatography	http://purl.obolibrary.org/obo/CHMO_0001006	CHMO	False
exact_norm	1.0	affinity chromatography	Affinity Chromatography	http://purl.obolibrary.org/obo/NCIT_C16432	NCIT	affinity chromatography	http://purl.obolibrary.org/obo/MMO_0000845	MMO	False
exact_norm	1.0	agarose gel electrophoresis	Agarose Gel Electrophoresis	http://purl.obolibrary.org/obo/NCIT_C16537	NCIT	agarose gel electrophoresis	http://purl.obolibrary.org/obo/CHMO_0001022	CHMO	False
exact_norm	1.0	analytical centrifugation	Analytical Centrifugation	http://purl.obolibrary.org/obo/NCIT_C18797	NCIT	analytical centrifugation	http://purl.obolibrary.org/obo/CHMO_0002010	CHMO	False
exact_norm	1.0	atomic absorption spectroscopy	Atomic Absorption Spectroscopy	http://purl.obolibrary.org/obo/NCIT_C85574	NCIT	atomic absorption spectroscopy	http://purl.obolibrary.org/obo/CHMO_0000234	CHMO	False
exact_norm	1.0	atomic force microscopy	Atomic Force Microscopy	http://purl.obolibrary.org/obo/NCIT_C17754	NCIT	atomic force microscopy	http://www.bioassayontology.org/bao#BAO_0002523	BAO	False
exact_norm	1.0	atomic force microscopy	Atomic Force Microscopy	http://purl.obolibrary.org/obo/NCIT_C17754	NCIT	atomic force microscopy	http://purl.obolibrary.org/obo/CHMO_0000113	CHMO	False
exact_norm	1.0	bicinchoninic acid assay	Bicinchoninic Acid Assay	http://purl.obolibrary.org/obo/NCIT_C183237	NCIT	bicinchoninic acid assay	http://www.bioassayontology.org/bao#BAO_0002467	BAO	False
exact_norm	1.0	brightfield microscopy	Brightfield Microscopy	http://purl.obolibrary.org/obo/NCIT_C19827	NCIT	brightfield microscopy	http://www.bioassayontology.org/bao#BAO_0000457	BAO	False
exact_norm	1.0	capillary electrophoresis	Capillary Electrophoresis	http://purl.obolibrary.org/obo/NCIT_C17637	NCIT	capillary electrophoresis	http://purl.obolibrary.org/obo/CHMO_0001024	CHMO	False
exact_norm	1.0	cell based bioassay	Cell Based Bioassay	http://purl.obolibrary.org/obo/NCIT_C150876	NCIT	cell-based bioassay	http://purl.obolibrary.org/obo/MMO_0000502	MMO	False
exact_norm	1.0	cell proliferation assay	Cell Proliferation Assay	http://purl.obolibrary.org/obo/NCIT_C116553	NCIT	cell proliferation assay	http://www.bioassayontology.org/bao#BAO_0002805	BAO	False
exact_norm	1.0	cell proliferation assay	Cell Proliferation Assay	http://purl.obolibrary.org/obo/NCIT_C116553	NCIT	cell proliferation assay	http://purl.obolibrary.org/obo/MMO_0000503	MMO	False
exact_norm	1.0	cell proliferation assay	Cell Proliferation Assay	http://purl.obolibrary.org/obo/NCIT_C116553	NCIT	cell proliferation assay	http://purl.obolibrary.org/obo/OBI_0000891	OBI	False
exact_norm	1.0	chromatin immunoprecipitation	Chromatin Immunoprecipitation	http://purl.obolibrary.org/obo/NCIT_C106048	NCIT	chromatin immunoprecipitation	http://purl.obolibrary.org/obo/CHMO_0001694	CHMO	False
exact_norm	1.0	chromatin immunoprecipitation	Chromatin Immunoprecipitation	http://purl.obolibrary.org/obo/NCIT_C106048	NCIT	chromatin immunoprecipitation	http://purl.obolibrary.org/obo/MMO_0000680	MMO	False
exact_norm	1.0	chromatin immunoprecipitation	Chromatin Immunoprecipitation	http://purl.obolibrary.org/obo/NCIT_C106048	NCIT	chromatin immunoprecipitation	http://purl.obolibrary.org/obo/OBI_00001975	OBI	False
exact_norm	1.0	coherent anti stokes raman spectroscopy	Coherent Anti-Stokes Raman Spectroscopy	http://purl.obolibrary.org/obo/NCIT_C160771	NCIT	coherent anti-Stokes Raman spectroscopy	http://purl.obolibrary.org/obo/CHMO_0000661	CHMO	False
exact_norm	1.0	column chromatography	Column Chromatography	http://purl.obolibrary.org/obo/NCIT_C18242	NCIT	column chromatography	http://purl.obolibrary.org/obo/CHMO_0001001	CHMO	False
exact_norm	1.0	column chromatography	Column Chromatography	http://purl.obolibrary.org/obo/NCIT_C18242	NCIT	column chromatography	http://purl.obolibrary.org/obo/MMO_0000468	MMO	False
exact_norm	1.0	computed tomography assisted biopsy	Computed Tomography Assisted Biopsy	http://purl.obolibrary.org/obo/NCIT_C137909	NCIT	computed tomography assisted biopsy	http://purl.obolibrary.org/obo/OBI_0002652	OBI	False
exact_norm	1.0	confocal microscopy	Confocal Microscopy	http://purl.obolibrary.org/obo/NCIT_C17753	NCIT	confocal microscopy	http://www.bioassayontology.org/bao#BAO_0000453	BAO	False
exact_norm	1.0	confocal microscopy	Confocal Microscopy	http://purl.obolibrary.org/obo/NCIT_C17753	NCIT	confocal microscopy	http://purl.obolibrary.org/obo/CHMO_0000103	CHMO	False
exact_norm	1.0	confocal microscopy	Confocal Microscopy	http://purl.obolibrary.org/obo/NCIT_C17753	NCIT	confocal microscopy	http://purl.obolibrary.org/obo/MMO_0000685	MMO	False
exact_norm	1.0	cytotoxicity assay	Cytotoxicity Assay	http://purl.obolibrary.org/obo/NCIT_C200004	NCIT	cytotoxicity assay	http://www.bioassayontology.org/bao#BAO_0002993	BAO	False
exact_norm	1.0	dark field microscopy	Dark Field Microscopy	http://purl.obolibrary.org/obo/NCIT_C85837	NCIT	dark field microscopy	http://www.bioassayontology.org/bao#BAO_0002510	BAO	False
exact_norm	1.0	dark field microscopy	Dark Field Microscopy	http://purl.obolibrary.org/obo/NCIT_C85837	NCIT	dark-field microscopy	http://purl.obolibrary.org/obo/CHMO_0002177	CHMO	False
exact_norm	1.0	density gradient centrifugation	Density Gradient Centrifugation	http://purl.obolibrary.org/obo/NCIT_C16411	NCIT	density-gradient centrifugation	http://purl.obolibrary.org/obo/CHMO_0002017	CHMO	False
exact_norm	1.0	density gradient centrifugation	Density Gradient Centrifugation	http://purl.obolibrary.org/obo/NCIT_C16411	NCIT	density gradient centrifugation	http://www.ebi.ac.uk/efo/EFO_0009112	EFO	False
exact_norm	1.0	dynamic contrast enhanced magnetic resonance imaging	Dynamic Contrast-Enhanced Magnetic Resonance Imaging	http://purl.obolibrary.org/obo/NCIT_C62665	NCIT	Dynamic Contrast-Enhanced Magnetic Resonance Imaging	http://purl.obolibrary.org/obo/MMO_0000718	MMO	False
exact_norm	1.0	electrochemiluminescence immunoassay	Electrochemiluminescence Immunoassay	http://purl.obolibrary.org/obo/NCIT_C111194	NCIT	electrochemiluminescence immunoassay	http://purl.obolibrary.org/obo/MMO_0000847	MMO	False
exact_norm	1.0	electron microscopy	Electron Microscopy	http://purl.obolibrary.org/obo/NCIT_C16854	NCIT	electron microscopy	http://www.bioassayontology.org/bao#BAO_0000449	BAO	False
exact_norm	1.0	electron microscopy	Electron Microscopy	http://purl.obolibrary.org/obo/NCIT_C16854	NCIT	electron microscopy	http://purl.obolibrary.org/obo/CHMO_0000068	CHMO	False
exact_norm	1.0	electron microscopy	Electron Microscopy	http://purl.obolibrary.org/obo/NCIT_C16854	NCIT	Electron microscopy	http://edamontology.org/topic_0611	EDAM	False
exact_norm	1.0	electron spin resonance spectroscopy	Electron Spin Resonance Spectroscopy	http://purl.obolibrary.org/obo/NCIT_C16534	NCIT	electron spin resonance spectroscopy	http://purl.obolibrary.org/obo/CHMO_0000328	CHMO	False
exact_norm	1.0	electrophoretic mobility shift assay	Electrophoretic Mobility Shift Assay	http://purl.obolibrary.org/obo/NCIT_C19362	NCIT	electrophoretic mobility shift assay	http://purl.obolibrary.org/obo/OBI_0001671	OBI	False
exact_norm	1.0	enzyme immunoassay	Enzyme Immunoassay	http://purl.obolibrary.org/obo/NCIT_C17455	NCIT	enzyme immunoassay	http://purl.obolibrary.org/obo/MMO_0000713	MMO	False
exact_norm	1.0	enzyme linked immunosorbent spot assay	Enzyme-linked Immunosorbent Spot Assay	http://purl.obolibrary.org/obo/NCIT_C102632	NCIT	enzyme-linked immunosorbent spot assay	http://www.bioassayontology.org/bao#BAO_0002419	BAO	False
exact_norm	1.0	enzyme linked immunosorbent spot assay	Enzyme-linked Immunosorbent Spot Assay	http://purl.obolibrary.org/obo/NCIT_C102632	NCIT	enzyme-linked immunosorbent spot assay	http://purl.obolibrary.org/obo/MMO_0000458	MMO	False
exact_norm	1.0	enzyme multiplied immunoassay technique	Enzyme Multiplied Immunoassay Technique	http://purl.obolibrary.org/obo/NCIT_C111196	NCIT	enzyme-multiplied immunoassay technique	http://www.bioassayontology.org/bao#BAO_0002401	BAO	False
exact_norm	1.0	flow cytometry	Flow Cytometry	http://purl.obolibrary.org/obo/NCIT_C16585	NCIT	flow cytometry	http://www.bioassayontology.org/bao#BAO_0000005	BAO	False
exact_norm	1.0	flow cytometry	Flow Cytometry	http://purl.obolibrary.org/obo/NCIT_C16585	NCIT	flow cytometry	http://purl.obolibrary.org/obo/CHMO_0000061	CHMO	False
exact_norm	1.0	fluorescence lifetime imaging microscopy	Fluorescence Lifetime Imaging Microscopy	http://purl.obolibrary.org/obo/NCIT_C154786	NCIT	fluorescence lifetime imaging microscopy	http://purl.obolibrary.org/obo/CHMO_0000091	CHMO	False
exact_norm	1.0	fluorescence microscopy	Fluorescence Microscopy	http://purl.obolibrary.org/obo/NCIT_C16856	NCIT	fluorescence microscopy	http://www.bioassayontology.org/bao#BAO_0000450	BAO	False
exact_norm	1.0	fluorescence microscopy	Fluorescence Microscopy	http://purl.obolibrary.org/obo/NCIT_C16856	NCIT	fluorescence microscopy	http://purl.obolibrary.org/obo/CHMO_0000087	CHMO	False
exact_norm	1.0	fluorescence spectroscopy	Fluorescence Spectroscopy	http://purl.obolibrary.org/obo/NCIT_C17738	NCIT	fluorescence spectroscopy	http://purl.obolibrary.org/obo/CHMO_0000287	CHMO	False
exact_norm	1.0	gas chromatography	Gas Chromatography	http://purl.obolibrary.org/obo/NCIT_C30014	NCIT	gas chromatography	http://purl.obolibrary.org/obo/CHMO_0001002	CHMO	False
exact_norm	1.0	gas chromatography	Gas Chromatography	http://purl.obolibrary.org/obo/NCIT_C30014	NCIT	gas chromatography	http://purl.obolibrary.org/obo/MMO_0000469	MMO	False
exact_norm	1.0	gas chromatography mass spectrometry	Gas Chromatography Mass Spectrometry	http://purl.obolibrary.org/obo/NCIT_C111203	NCIT	gas chromatography-mass spectrometry	http://purl.obolibrary.org/obo/CHMO_0000497	CHMO	False
exact_norm	1.0	gas chromatography mass spectrometry	Gas Chromatography Mass Spectrometry	http://purl.obolibrary.org/obo/NCIT_C111203	NCIT	gas chromatography-mass spectrometry	http://purl.obolibrary.org/obo/MMO_0000536	MMO	False
exact_norm	1.0	gas chromatography mass spectrometry	Gas Chromatography Mass Spectrometry	http://purl.obolibrary.org/obo/NCIT_C111203	NCIT	gas chromatography mass spectrometry	http://purl.obolibrary.org/obo/OBI_0200199	OBI	False
exact_norm	1.0	gas chromatography tandem mass spectrometry	Gas Chromatography/Tandem Mass Spectrometry	http://purl.obolibrary.org/obo/NCIT_C120685	NCIT	gas chromatography-tandem mass spectrometry	http://purl.obolibrary.org/obo/CHMO_0002862	CHMO	False
exact_norm	1.0	gel electrophoresis	Gel Electrophoresis	http://purl.obolibrary.org/obo/NCIT_C18091	NCIT	gel electrophoresis	http://purl.obolibrary.org/obo/CHMO_0001021	CHMO	False
exact_norm	1.0	gel electrophoresis	Gel Electrophoresis	http://purl.obolibrary.org/obo/NCIT_C18091	NCIT	gel electrophoresis	http://purl.obolibrary.org/obo/MMO_0000100	MMO	False
exact_norm	1.0	gel filtration chromatography	Gel Filtration Chromatography	http://purl.obolibrary.org/obo/NCIT_C16433	NCIT	gel filtration chromatography	http://purl.obolibrary.org/obo/CHMO_0001011	CHMO	False
exact_norm	1.0	gel filtration chromatography	Gel Filtration Chromatography	http://purl.obolibrary.org/obo/NCIT_C16433	NCIT	gel filtration chromatography	http://purl.obolibrary.org/obo/MMO_0000684	MMO	False
exact_norm	1.0	genotoxicity assay	Genotoxicity Assay	http://purl.obolibrary.org/obo/NCIT_C200005	NCIT	genotoxicity assay	http://www.bioassayontology.org/bao#BAO_0002167	BAO	False
exact_norm	1.0	helicos sequencing	Helicos Sequencing	http://purl.obolibrary.org/obo/NCIT_C146816	NCIT	Helicos sequencing	http://purl.obolibrary.org/obo/OBI_0000697	OBI	False
exact_norm	1.0	high performance liquid chromatography	High Performance Liquid Chromatography	http://purl.obolibrary.org/obo/NCIT_C16434	NCIT	high-performance liquid chromatography	http://purl.obolibrary.org/obo/CHMO_0001009	CHMO	False
exact_norm	1.0	high performance liquid chromatography	High Performance Liquid Chromatography	http://purl.obolibrary.org/obo/NCIT_C16434	NCIT	high-performance liquid chromatography	http://purl.obolibrary.org/obo/MMO_0000394	MMO	False
exact_norm	1.0	high performance liquid chromatography mass spectrometry	High Performance Liquid Chromatography Mass Spectrometry	http://purl.obolibrary.org/obo/NCIT_C103513	NCIT	high-performance liquid chromatography-mass spectrometry	http://purl.obolibrary.org/obo/CHMO_0000796	CHMO	False
exact_norm	1.0	high performance liquid chromatography mass spectrometry	High Performance Liquid Chromatography Mass Spectrometry	http://purl.obolibrary.org/obo/NCIT_C103513	NCIT	high-performance liquid chromatography-mass spectrometry	http://purl.obolibrary.org/obo/MMO_0000537	MMO	False
exact_norm	1.0	high performance liquid chromatography tandem mass spectrometry	High-performance Liquid Chromatography/Tandem Mass Spectrometry	http://purl.obolibrary.org/obo/NCIT_C120691	NCIT	high performance liquid chromatography-tandem mass spectrometry	http://purl.obolibrary.org/obo/CHMO_0002876	CHMO	False
exact_norm	1.0	high resolution transmission electron microscopy	High Resolution Transmission Electron Microscopy	http://purl.obolibrary.org/obo/NCIT_C78874	NCIT	high-resolution transmission electron microscopy	http://purl.obolibrary.org/obo/CHMO_0000084	CHMO	False
exact_norm	1.0	immobilized metal affinity chromatography	Immobilized Metal Affinity Chromatography	http://purl.obolibrary.org/obo/NCIT_C161789	NCIT	immobilized metal affinity chromatography	http://purl.obolibrary.org/obo/CHMO_0002255	CHMO	False
exact_norm	1.0	light microscopy	Light Microscopy	http://purl.obolibrary.org/obo/NCIT_C17995	NCIT	Light microscopy	http://edamontology.org/topic_3385	EDAM	False
exact_norm	1.0	liquid chromatography	Liquid Chromatography	http://purl.obolibrary.org/obo/NCIT_C16435	NCIT	liquid chromatography	http://purl.obolibrary.org/obo/CHMO_0001004	CHMO	False
exact_norm	1.0	liquid chromatography	Liquid Chromatography	http://purl.obolibrary.org/obo/NCIT_C16435	NCIT	liquid chromatography	http://purl.obolibrary.org/obo/ERO_0001500	ERO	False
exact_norm	1.0	liquid chromatography	Liquid Chromatography	http://purl.obolibrary.org/obo/NCIT_C16435	NCIT	liquid chromatography	http://purl.obolibrary.org/obo/OBI_0003547	OBI	False
exact_norm	1.0	liquid chromatography mass spectrometry	Liquid Chromatography Mass Spectrometry	http://purl.obolibrary.org/obo/NCIT_C18475	NCIT	liquid chromatography-mass spectrometry	http://purl.obolibrary.org/obo/CHMO_0000524	CHMO	False
exact_norm	1.0	liquid chromatography mass spectrometry	Liquid Chromatography Mass Spectrometry	http://purl.obolibrary.org/obo/NCIT_C18475	NCIT	liquid chromatography-mass spectrometry	http://purl.obolibrary.org/obo/MMO_0000535	MMO	False
exact_norm	1.0	liquid chromatography tandem mass spectrometry	Liquid Chromatography/Tandem Mass Spectrometry	http://purl.obolibrary.org/obo/NCIT_C122168	NCIT	liquid chromatography-tandem mass spectrometry	http://www.bioassayontology.org/bao#BAO_0040042	BAO	False
exact_norm	1.0	liquid chromatography tandem mass spectrometry	Liquid Chromatography/Tandem Mass Spectrometry	http://purl.obolibrary.org/obo/NCIT_C122168	NCIT	liquid chromatography-tandem mass spectrometry	http://purl.obolibrary.org/obo/CHMO_0000701	CHMO	False
exact_norm	1.0	multiphoton microscopy	Multiphoton Microscopy	http://purl.obolibrary.org/obo/NCIT_C116504	NCIT	multiphoton microscopy	http://purl.obolibrary.org/obo/MMO_0000742	MMO	False
exact_norm	1.0	multiplex real time polymerase chain reaction assay	Multiplex Real-time Polymerase Chain Reaction Assay	http://purl.obolibrary.org/obo/NCIT_C158250	NCIT	multiplex real time polymerase chain reaction assay	http://purl.obolibrary.org/obo/OBI_0003287	OBI	False
exact_norm	1.0	near infrared imaging	Near Infrared Imaging	http://purl.obolibrary.org/obo/NCIT_C171402	NCIT	near-infrared imaging	http://www.bioassayontology.org/bao#BAO_0002518	BAO	False
exact_norm	1.0	optical coherence tomography	Optical Coherence Tomography	http://purl.obolibrary.org/obo/NCIT_C20828	NCIT	optical coherence tomography	http://purl.obolibrary.org/obo/MMO_0000696	MMO	False
exact_norm	1.0	phase contrast microscopy	Phase-Contrast Microscopy	http://purl.obolibrary.org/obo/NCIT_C16857	NCIT	phase contrast microscopy	http://www.bioassayontology.org/bao#BAO_0000458	BAO	False
exact_norm	1.0	phase contrast microscopy	Phase-Contrast Microscopy	http://purl.obolibrary.org/obo/NCIT_C16857	NCIT	phase contrast microscopy	http://purl.obolibrary.org/obo/CHMO_0000110	CHMO	False
exact_norm	1.0	photoacoustic spectroscopy	Photoacoustic Spectroscopy	http://purl.obolibrary.org/obo/NCIT_C103229	NCIT	photoacoustic spectroscopy	http://purl.obolibrary.org/obo/CHMO_0000619	CHMO	False
exact_norm	1.0	polyacrylamide gel electrophoresis	Polyacrylamide Gel Electrophoresis	http://purl.obolibrary.org/obo/NCIT_C16539	NCIT	polyacrylamide gel electrophoresis	http://purl.obolibrary.org/obo/CHMO_0001023	CHMO	False
exact_norm	1.0	preparative centrifugation	Preparative Centrifugation	http://purl.obolibrary.org/obo/NCIT_C18799	NCIT	preparative centrifugation	http://purl.obolibrary.org/obo/CHMO_0002014	CHMO	False
exact_norm	1.0	proteomic profiling	Proteomic Profiling	http://purl.obolibrary.org/obo/NCIT_C62669	NCIT	proteomic profiling	http://www.ebi.ac.uk/efo/EFO_0000746	EFO	False
exact_norm	1.0	pulsed field gel electrophoresis	Pulsed-Field Gel Electrophoresis	http://purl.obolibrary.org/obo/NCIT_C17426	NCIT	pulsed-field gel electrophoresis	http://purl.obolibrary.org/obo/CHMO_0002316	CHMO	False
exact_norm	1.0	quantitative computed tomography	Quantitative Computed Tomography	http://purl.obolibrary.org/obo/NCIT_C161405	NCIT	quantitative computed tomography	http://purl.obolibrary.org/obo/MMO_0000364	MMO	False
exact_norm	1.0	raman spectroscopy	Raman Spectroscopy	http://purl.obolibrary.org/obo/NCIT_C17157	NCIT	Raman spectroscopy	http://purl.obolibrary.org/obo/CHMO_0000656	CHMO	False
exact_norm	1.0	reversed phase liquid chromatography	Reversed-Phase Liquid Chromatography	http://purl.obolibrary.org/obo/NCIT_C161770	NCIT	reversed-phase liquid chromatography	http://purl.obolibrary.org/obo/CHMO_0001050	CHMO	False
exact_norm	1.0	scanning electron microscopy	Scanning Electron Microscopy	http://purl.obolibrary.org/obo/NCIT_C16855	NCIT	scanning electron microscopy	http://www.bioassayontology.org/bao#BAO_0000454	BAO	False
exact_norm	1.0	scanning electron microscopy	Scanning Electron Microscopy	http://purl.obolibrary.org/obo/NCIT_C16855	NCIT	scanning electron microscopy	http://purl.obolibrary.org/obo/CHMO_0000073	CHMO	False
exact_norm	1.0	scanning transmission electron microscopy	Scanning Transmission Electron Microscopy	http://purl.obolibrary.org/obo/NCIT_C21342	NCIT	scanning transmission electron microscopy	http://purl.obolibrary.org/obo/CHMO_0000086	CHMO	False
exact_norm	1.0	scanning tunneling microscopy	Scanning Tunneling Microscopy	http://purl.obolibrary.org/obo/NCIT_C76127	NCIT	scanning tunneling microscopy	http://www.bioassayontology.org/bao#BAO_0002524	BAO	False
exact_norm	1.0	sequence alignment	Sequence Alignment	http://purl.obolibrary.org/obo/NCIT_C188688	NCIT	sequence alignment	http://www.bioassayontology.org/bao#BAO_0002231	BAO	False
exact_norm	1.0	sequence alignment	Sequence Alignment	http://purl.obolibrary.org/obo/NCIT_C188688	NCIT	Sequence alignment	http://edamontology.org/topic_0182	EDAM	False
exact_norm	1.0	sequence alignment	Sequence Alignment	http://purl.obolibrary.org/obo/NCIT_C188688	NCIT	sequence alignment	http://purl.obolibrary.org/obo/OBI_0002567	OBI	False
exact_norm	1.0	single cell rna sequencing	Single Cell RNA Sequencing	http://purl.obolibrary.org/obo/NCIT_C171152	NCIT	single-cell RNA sequencing	http://www.ebi.ac.uk/efo/EFO_0008913	EFO	False
exact_norm	1.0	strong cation exchange chromatography	Strong-Cation-Exchange Chromatography	http://purl.obolibrary.org/obo/NCIT_C161774	NCIT	strong-cation-exchange chromatography	http://purl.obolibrary.org/obo/CHMO_0002260	CHMO	False
exact_norm	1.0	target engagement assay	Target Engagement Assay	http://purl.obolibrary.org/obo/NCIT_C181182	NCIT	target engagement assay	http://www.bioassayontology.org/bao#BAO_0010259	BAO	False
exact_norm	1.0	transmission electron microscopy	Transmission Electron Microscopy	http://purl.obolibrary.org/obo/NCIT_C18216	NCIT	transmission electron microscopy	http://www.bioassayontology.org/bao#BAO_0000455	BAO	False
exact_norm	1.0	transmission electron microscopy	Transmission Electron Microscopy	http://purl.obolibrary.org/obo/NCIT_C18216	NCIT	transmission electron microscopy	http://purl.obolibrary.org/obo/CHMO_0000080	CHMO	False
exact_norm	1.0	two dimensional gel electrophoresis	Two Dimensional Gel Electrophoresis	http://purl.obolibrary.org/obo/NCIT_C16538	NCIT	two dimensional gel electrophoresis	http://purl.obolibrary.org/obo/CHMO_0001029	CHMO	False
exact_norm	1.0	whole genome shotgun sequencing	Whole-Genome Shotgun Sequencing	http://purl.obolibrary.org/obo/NCIT_C19653	NCIT	whole genome shotgun sequencing	http://www.ebi.ac.uk/efo/EFO_0003744	EFO	False
exact_norm	1.0	x ray photoelectron spectroscopy	X-Ray Photoelectron Spectroscopy	http://purl.obolibrary.org/obo/NCIT_C78871	NCIT	X-ray photoelectron spectroscopy	http://purl.obolibrary.org/obo/CHMO_0000404	CHMO	False
exact_norm	0.7	bioassay	Bioassay	http://purl.obolibrary.org/obo/NCIT_C16341	NCIT	bioassay	http://www.bioassayontology.org/bao#BAO_0000015	BAO	False
exact_norm	0.7	bioassay	Bioassay	http://purl.obolibrary.org/obo/NCIT_C16341	NCIT	bioassay	http://purl.obolibrary.org/obo/MMO_0000441	MMO	False
exact_norm	0.7	centrifugation	Centrifugation	http://purl.obolibrary.org/obo/NCIT_C16410	NCIT	centrifugation	http://purl.obolibrary.org/obo/MMO_0000712	MMO	False
exact_norm	0.7	centrifugation	Centrifugation	http://purl.obolibrary.org/obo/NCIT_C16410	NCIT	centrifugation	http://purl.obolibrary.org/obo/OBI_0302886	OBI	False
exact_norm	0.7	chromatography	Chromatography	http://purl.obolibrary.org/obo/NCIT_C16431	NCIT	chromatography	http://purl.obolibrary.org/obo/CHMO_0001000	CHMO	False
exact_norm	0.7	chromatography	Chromatography	http://purl.obolibrary.org/obo/NCIT_C16431	NCIT	chromatography	http://purl.obolibrary.org/obo/MMO_0000288	MMO	False
exact_norm	0.7	electrophoresis	Electrophoresis	http://purl.obolibrary.org/obo/NCIT_C16536	NCIT	electrophoresis	http://purl.obolibrary.org/obo/CHMO_0001019	CHMO	False
exact_norm	0.7	electrophoresis	Electrophoresis	http://purl.obolibrary.org/obo/NCIT_C16536	NCIT	electrophoresis	http://purl.obolibrary.org/obo/MMO_0000287	MMO	False
exact_norm	0.7	electrophoresis	Electrophoresis	http://purl.obolibrary.org/obo/NCIT_C16536	NCIT	electrophoresis	http://purl.obolibrary.org/obo/OBI_0600053	OBI	False
exact_norm	0.7	elisa	ELISA	http://purl.obolibrary.org/obo/NCIT_C16553	NCIT	ELISA	http://www.bioassayontology.org/bao#BAO_0000134	BAO	False
exact_norm	0.7	elisa	ELISA	http://purl.obolibrary.org/obo/NCIT_C16553	NCIT	ELISA	http://purl.obolibrary.org/obo/OBI_0000661	OBI	False
exact_norm	0.7	immunochromatography	Immunochromatography	http://purl.obolibrary.org/obo/NCIT_C154792	NCIT	immunochromatography	http://www.bioassayontology.org/bao#BAO_0002504	BAO	False
exact_norm	0.7	immunocytochemistry	Immunocytochemistry	http://purl.obolibrary.org/obo/NCIT_C17731	NCIT	immunocytochemistry	http://www.bioassayontology.org/bao#BAO_0000416	BAO	False
exact_norm	0.7	immunocytochemistry	Immunocytochemistry	http://purl.obolibrary.org/obo/NCIT_C17731	NCIT	immunocytochemistry	http://purl.obolibrary.org/obo/OBI_0002174	OBI	False
exact_norm	0.7	immunoelectrophoresis	Immunoelectrophoresis	http://purl.obolibrary.org/obo/NCIT_C51958	NCIT	immunoelectrophoresis	http://purl.obolibrary.org/obo/OBI_0002685	OBI	False
exact_norm	0.7	immunoprecipitation	Immunoprecipitation	http://purl.obolibrary.org/obo/NCIT_C16724	NCIT	immunoprecipitation	http://www.bioassayontology.org/bao#BAO_0002508	BAO	False
exact_norm	0.7	immunoprecipitation	Immunoprecipitation	http://purl.obolibrary.org/obo/NCIT_C16724	NCIT	immunoprecipitation	http://purl.obolibrary.org/obo/CHMO_0001691	CHMO	False
exact_norm	0.7	immunoprecipitation	Immunoprecipitation	http://purl.obolibrary.org/obo/NCIT_C16724	NCIT	immunoprecipitation	http://purl.obolibrary.org/obo/OBI_0000690	OBI	False
exact_norm	0.7	microscopy	Microscopy	http://purl.obolibrary.org/obo/NCIT_C16853	NCIT	microscopy	http://www.bioassayontology.org/bao#BAO_0002526	BAO	False
exact_norm	0.7	microscopy	Microscopy	http://purl.obolibrary.org/obo/NCIT_C16853	NCIT	microscopy	http://purl.obolibrary.org/obo/CHMO_0000067	CHMO	False
exact_norm	0.7	radioimmunoassay	Radioimmunoassay	http://purl.obolibrary.org/obo/NCIT_C17057	NCIT	radioimmunoassay	http://www.bioassayontology.org/bao#BAO_0002428	BAO	False
exact_norm	0.7	radioimmunoassay	Radioimmunoassay	http://purl.obolibrary.org/obo/NCIT_C17057	NCIT	radioimmunoassay	http://purl.obolibrary.org/obo/MMO_0000073	MMO	False
exact_norm	0.7	spectroscopy	Spectroscopy	http://purl.obolibrary.org/obo/NCIT_C17155	NCIT	spectroscopy	http://purl.obolibrary.org/obo/CHMO_0000228	CHMO	False
exact_norm	0.7	tomography	Tomography	http://purl.obolibrary.org/obo/NCIT_C38093	NCIT	tomography	http://www.bioassayontology.org/bao#BAO_0002525	BAO	False
near_match	0.991	sodium dodecylsulfate polyacrylamide gel electrophoresis || sodium dodecyl sulfate polyacrylamide gel electrophoresis	Sodium Dodecylsulfate-Polyacrylamide Gel Electrophoresis	http://purl.obolibrary.org/obo/NCIT_C18150	NCIT	sodium dodecyl sulfate polyacrylamide gel electrophoresis	http://purl.obolibrary.org/obo/CHMO_0001027	CHMO	False
near_match	0.983	scanning tunneling microscopy || scanning tunnelling microscopy	scanning tunneling microscopy	http://www.bioassayontology.org/bao#BAO_0002524	BAO	scanning tunnelling microscopy	http://purl.obolibrary.org/obo/CHMO_0000132	CHMO	False
near_match	0.983	scanning tunneling microscopy || scanning tunnelling microscopy	Scanning Tunneling Microscopy	http://purl.obolibrary.org/obo/NCIT_C76127	NCIT	scanning tunnelling microscopy	http://purl.obolibrary.org/obo/CHMO_0000132	CHMO	False
near_match	0.982	gas chromatography electron ionization mass spectrometry || gas chromatography electron ionisation mass spectrometry	Gas Chromatography/Electron Ionization Mass Spectrometry	http://purl.obolibrary.org/obo/NCIT_C120687	NCIT	gas chromatography electron ionisation mass spectrometry	http://purl.obolibrary.org/obo/CHMO_0002542	CHMO	False
near_match	0.982	gel filtration chromatograph || gel filtration chromatography	gel filtration chromatograph	http://purl.obolibrary.org/obo/CHMO_0002571	CHMO	gel filtration chromatography	http://purl.obolibrary.org/obo/MMO_0000684	MMO	False
near_match	0.982	gel filtration chromatography || gel filtration chromatograph	Gel Filtration Chromatography	http://purl.obolibrary.org/obo/NCIT_C16433	NCIT	gel filtration chromatograph	http://purl.obolibrary.org/obo/CHMO_0002571	CHMO	False
near_match	0.979	high resolution transmission electron microscopy || high resolution transmission electron microscope	High Resolution Transmission Electron Microscopy	http://purl.obolibrary.org/obo/NCIT_C78874	NCIT	high-resolution transmission electron microscope	http://purl.obolibrary.org/obo/CHMO_0002323	CHMO	False
near_match	0.976	scanning transmission electron microscopy || scanning transmission electron microscope	Scanning Transmission Electron Microscopy	http://purl.obolibrary.org/obo/NCIT_C21342	NCIT	scanning transmission electron microscope	http://purl.obolibrary.org/obo/CHMO_0002649	CHMO	False
near_match	0.969	transmission electron microscope || transmission electron microscopy	transmission electron microscope	http://purl.obolibrary.org/obo/CHMO_0001099	CHMO	transmission electron microscopy	http://www.bioassayontology.org/bao#BAO_0000455	BAO	False
near_match	0.969	transmission electron microscope || transmission electron microscopy	Transmission Electron Microscope	http://purl.obolibrary.org/obo/NCIT_C78813	NCIT	transmission electron microscopy	http://www.bioassayontology.org/bao#BAO_0000455	BAO	False
near_match	0.969	transmission electron microscope || transmission electron microscopy	Transmission Electron Microscope	http://purl.obolibrary.org/obo/NCIT_C78813	NCIT	transmission electron microscopy	http://purl.obolibrary.org/obo/CHMO_0000080	CHMO	False
near_match	0.969	transmission electron microscopy || transmission electron microscope	Transmission Electron Microscopy	http://purl.obolibrary.org/obo/NCIT_C18216	NCIT	transmission electron microscope	http://purl.obolibrary.org/obo/CHMO_0001099	CHMO	False
near_match	0.966	scanning tunneling microscope || scanning tunneling microscopy	Scanning Tunneling Microscope	http://purl.obolibrary.org/obo/NCIT_C17374	NCIT	scanning tunneling microscopy	http://www.bioassayontology.org/bao#BAO_0002524	BAO	False
near_match	0.964	scanning electron microscope || scanning electron microscopy	scanning electron microscope	http://purl.obolibrary.org/obo/CHMO_0000941	CHMO	scanning electron microscopy	http://www.bioassayontology.org/bao#BAO_0000454	BAO	False
near_match	0.964	scanning electron microscope || scanning electron microscopy	Scanning Electron Microscope	http://purl.obolibrary.org/obo/NCIT_C78814	NCIT	scanning electron microscopy	http://www.bioassayontology.org/bao#BAO_0000454	BAO	False
near_match	0.964	scanning electron microscope || scanning electron microscopy	Scanning Electron Microscope	http://purl.obolibrary.org/obo/NCIT_C78814	NCIT	scanning electron microscopy	http://purl.obolibrary.org/obo/CHMO_0000073	CHMO	False
near_match	0.964	scanning electron microscopy || scanning electron microscope	Scanning Electron Microscopy	http://purl.obolibrary.org/obo/NCIT_C16855	NCIT	scanning electron microscope	http://purl.obolibrary.org/obo/CHMO_0000941	CHMO	False
near_match	0.962	high performance liquid chromatography uv || high performance liquid chromatography	High-performance Liquid Chromatography-UV	http://purl.obolibrary.org/obo/NCIT_C120693	NCIT	high-performance liquid chromatography	http://purl.obolibrary.org/obo/CHMO_0001009	CHMO	False
near_match	0.962	high performance liquid chromatography uv || high performance liquid chromatography	High-performance Liquid Chromatography-UV	http://purl.obolibrary.org/obo/NCIT_C120693	NCIT	high-performance liquid chromatography	http://purl.obolibrary.org/obo/MMO_0000394	MMO	False
near_match	0.96	scanning probe microscope || scanning probe microscopy	scanning probe microscope	http://purl.obolibrary.org/obo/CHMO_0000943	CHMO	scanning probe microscopy	http://www.bioassayontology.org/bao#BAO_0000459	BAO	False
near_match	0.96	scanning probe microscope || scanning probe microscopy	Scanning Probe Microscope	http://purl.obolibrary.org/obo/NCIT_C78803	NCIT	scanning probe microscopy	http://www.bioassayontology.org/bao#BAO_0000459	BAO	False
near_match	0.96	scanning probe microscope || scanning probe microscopy	Scanning Probe Microscope	http://purl.obolibrary.org/obo/NCIT_C78803	NCIT	scanning probe microscopy	http://purl.obolibrary.org/obo/CHMO_0000112	CHMO	False
near_match	0.959	strong cation exchange chromatography || strong anion exchange chromatography	Strong-Cation-Exchange Chromatography	http://purl.obolibrary.org/obo/NCIT_C161774	NCIT	strong-anion-exchange chromatography	http://purl.obolibrary.org/obo/CHMO_0002258	CHMO	False
near_match	0.957	atomic force microscope || atomic force microscopy	atomic force microscope	http://purl.obolibrary.org/obo/CHMO_0000954	CHMO	atomic force microscopy	http://www.bioassayontology.org/bao#BAO_0002523	BAO	False
near_match	0.957	atomic force microscope || atomic force microscopy	Atomic Force Microscope	http://purl.obolibrary.org/obo/NCIT_C78804	NCIT	atomic force microscopy	http://www.bioassayontology.org/bao#BAO_0002523	BAO	False
near_match	0.957	atomic force microscope || atomic force microscopy	Atomic Force Microscope	http://purl.obolibrary.org/obo/NCIT_C78804	NCIT	atomic force microscopy	http://purl.obolibrary.org/obo/CHMO_0000113	CHMO	False
near_match	0.957	atomic force microscopy || atomic force microscope	Atomic Force Microscopy	http://purl.obolibrary.org/obo/NCIT_C17754	NCIT	atomic force microscope	http://purl.obolibrary.org/obo/CHMO_0000954	CHMO	False
near_match	0.952	cross linking immunoprecipitation high throughput sequencing || cross linking immunoprecipitation high throughput sequencing assay	Cross-linking Immunoprecipitation High-throughput Sequencing	http://purl.obolibrary.org/obo/NCIT_C116152	NCIT	cross-linking immunoprecipitation high-throughput sequencing assay	http://purl.obolibrary.org/obo/OBI_0001858	OBI	False
near_match	0.952	dark field microscope || dark field microscopy	dark-field microscope	http://purl.obolibrary.org/obo/CHMO_0002236	CHMO	dark field microscopy	http://www.bioassayontology.org/bao#BAO_0002510	BAO	False
near_match	0.952	dark field microscope || dark field microscopy	Dark-Field Microscope	http://purl.obolibrary.org/obo/NCIT_C28366	NCIT	dark field microscopy	http://www.bioassayontology.org/bao#BAO_0002510	BAO	False
near_match	0.952	dark field microscope || dark field microscopy	Dark-Field Microscope	http://purl.obolibrary.org/obo/NCIT_C28366	NCIT	dark-field microscopy	http://purl.obolibrary.org/obo/CHMO_0002177	CHMO	False
near_match	0.952	dark field microscopy || dark field microscope	Dark Field Microscopy	http://purl.obolibrary.org/obo/NCIT_C85837	NCIT	dark-field microscope	http://purl.obolibrary.org/obo/CHMO_0002236	CHMO	False
near_match	0.952	electron magnetic resonance spectroscopy || electron paramagnetic resonance spectroscopy	electron magnetic resonance spectroscopy	http://purl.obolibrary.org/obo/CHMO_0000743	CHMO	electron paramagnetic resonance spectroscopy	http://purl.obolibrary.org/obo/MMO_0000710	MMO	False
near_match	0.945	fluorescence imaging multiplex cytological profiling assay || fluorescence imaging multiplex cytological profiling	Fluorescence imaging multiplex cytological profiling assay	http://www.bioassayontology.org/bao#BAO_0010058	BAO	fluorescence imaging multiplex cytological profiling	http://purl.obolibrary.org/obo/OBI_0002952	OBI	False
near_match	0.944	matrix assisted laser desorption ionization imaging mass spectrometry assay || matrix assisted laser desorption ionisation imaging mass spectrometry	matrix assisted laser desorption ionization imaging mass spectrometry assay	http://purl.obolibrary.org/obo/OBI_0003099	OBI	matrix-assisted laser desorption-ionisation imaging mass spectrometry	http://purl.obolibrary.org/obo/CHMO_0000054	CHMO	False
near_match	0.941	cell proliferation assay || cell proliferation bioassay	cell proliferation assay	http://www.bioassayontology.org/bao#BAO_0002805	BAO	cell proliferation bioassay	http://purl.obolibrary.org/obo/MMO_0000442	MMO	False
near_match	0.941	cell proliferation assay || cell proliferation bioassay	Cell Proliferation Assay	http://purl.obolibrary.org/obo/NCIT_C116553	NCIT	cell proliferation bioassay	http://purl.obolibrary.org/obo/MMO_0000442	MMO	False
near_match	0.941	cell proliferation assay || cell proliferation bioassay	cell proliferation assay	http://purl.obolibrary.org/obo/OBI_0000891	OBI	cell proliferation bioassay	http://purl.obolibrary.org/obo/MMO_0000442	MMO	False
near_match	0.941	high performance liquid chromatography mass spectrometry || high performance liquid chromatography tandem mass spectrometry	High Performance Liquid Chromatography Mass Spectrometry	http://purl.obolibrary.org/obo/NCIT_C103513	NCIT	high performance liquid chromatography-tandem mass spectrometry	http://purl.obolibrary.org/obo/CHMO_0002876	CHMO	False
near_match	0.941	high performance liquid chromatography tandem mass spectrometry || high performance liquid chromatography mass spectrometry	high performance liquid chromatography-tandem mass spectrometry	http://purl.obolibrary.org/obo/CHMO_0002876	CHMO	high-performance liquid chromatography-mass spectrometry	http://purl.obolibrary.org/obo/MMO_0000537	MMO	False
near_match	0.941	high performance liquid chromatography tandem mass spectrometry || high performance liquid chromatography mass spectrometry	High-performance Liquid Chromatography/Tandem Mass Spectrometry	http://purl.obolibrary.org/obo/NCIT_C120691	NCIT	high-performance liquid chromatography-mass spectrometry	http://purl.obolibrary.org/obo/CHMO_0000796	CHMO	False
near_match	0.941	high performance liquid chromatography tandem mass spectrometry || high performance liquid chromatography mass spectrometry	High-performance Liquid Chromatography/Tandem Mass Spectrometry	http://purl.obolibrary.org/obo/NCIT_C120691	NCIT	high-performance liquid chromatography-mass spectrometry	http://purl.obolibrary.org/obo/MMO_0000537	MMO	False
near_match	0.941	microrna profiling by high throughput sequencing || microrna profiling by high throughput sequencing assay	microRNA profiling by high throughput sequencing	http://www.ebi.ac.uk/efo/EFO_0002896	EFO	microRNA profiling by high throughput sequencing assay	http://purl.obolibrary.org/obo/OBI_0001922	OBI	False
near_match	0.94	ultra high performance liquid chromatography || ultra performance liquid chromatography	ultra high performance liquid chromatography	http://purl.obolibrary.org/obo/CHMO_0000795	CHMO	ultra-performance liquid chromatography	http://purl.obolibrary.org/obo/MMO_0000720	MMO	False
near_match	0.939	two dimensional gel electrophoresis || two dimensional electrophoresis	Two Dimensional Gel Electrophoresis	http://purl.obolibrary.org/obo/NCIT_C16538	NCIT	two-dimensional electrophoresis	http://purl.obolibrary.org/obo/CHMO_0001020	CHMO	False
near_match	0.938	transcription profiling by high throughput sequencing || transcription profiling by high throughput sequencing design	transcription profiling by high throughput sequencing	http://www.ebi.ac.uk/efo/EFO_0002770	EFO	transcription profiling by high throughput sequencing design	http://purl.obolibrary.org/obo/OBI_0001239	OBI	False
near_match	0.936	gas chromatography and flame ionization detection || gas chromatography flame ionisation detection	Gas Chromatography and Flame Ionization Detection	http://purl.obolibrary.org/obo/NCIT_C135454	NCIT	gas chromatography-flame ionisation detection	http://purl.obolibrary.org/obo/CHMO_0001736	CHMO	False
near_match	0.935	reduced representation bisulfite sequencing || reduced representation bisulfite sequencing assay	Reduced-Representation Bisulfite Sequencing	http://purl.obolibrary.org/obo/NCIT_C167284	NCIT	reduced representation bisulfite sequencing assay	http://purl.obolibrary.org/obo/OBI_0001862	OBI	False
near_match	0.933	positron emission tomography || positron emission tomography pet	Positron Emission Tomography	http://purl.obolibrary.org/obo/NCIT_C17007	NCIT	positron emission tomography (PET)	http://purl.obolibrary.org/obo/MMO_0000129	MMO	False
near_match	0.933	pulsed field gel electrophoresis || pulsed field electrophoresis	Pulsed-Field Gel Electrophoresis	http://purl.obolibrary.org/obo/NCIT_C17426	NCIT	pulsed-field electrophoresis	http://purl.obolibrary.org/obo/CHMO_0002315	CHMO	False
near_match	0.932	coherent anti stokes raman spectroscopy || coherent stokes raman spectroscopy	Coherent Anti-Stokes Raman Spectroscopy	http://purl.obolibrary.org/obo/NCIT_C160771	NCIT	coherent Stokes Raman spectroscopy	http://purl.obolibrary.org/obo/CHMO_0000659	CHMO	False
near_match	0.93	high performance liquid chromatography uv || high performance liquid chromatography column	High-performance Liquid Chromatography-UV	http://purl.obolibrary.org/obo/NCIT_C120693	NCIT	high-performance liquid chromatography column	http://purl.obolibrary.org/obo/CHMO_0000976	CHMO	False
